Date,Open,High,Low,Close,Adj Close,Volume, Var
"30.06.2022,""37.39"",""37.53"",""38.02"",""36.99"",""7.07M"",""-1.08"""
"29.06.2022,""37.80"",""38.76"",""38.78"",""37.64"",""6.87M"",""-2.55"""
"28.06.2022,""38.79"",""39.21"",""39.71"",""38.65"",""5.99M"",""-1.02"""
"27.06.2022,""39.19"",""39.67"",""39.88"",""38.90"",""7.12M"",""-0.56"""
"24.06.2022,""39.41"",""39.01"",""39.92"",""38.87"",""18.09M"",""1.89"""
"23.06.2022,""38.68"",""38.76"",""39.08"",""38.25"",""6.22M"",""0.39"""
"22.06.2022,""38.53"",""38.57"",""39.34"",""38.41"",""10.68M"",""-0.98"""
"21.06.2022,""38.91"",""38.19"",""39.08"",""37.65"",""16.75M"",""2.99"""
"17.06.2022,""37.78"",""37.32"",""38.05"",""37.02"",""25.05M"",""1.12"""
"16.06.2022,""37.36"",""38.61"",""38.71"",""36.96"",""20.73M"",""-1.66"""
"15.06.2022,""37.99"",""37.50"",""38.51"",""37.24"",""14.30M"",""2.07"""
"14.06.2022,""37.22"",""37.95"",""38.87"",""37.19"",""13.02M"",""0.51"""
"13.06.2022,""37.03"",""38.00"",""38.58"",""36.90"",""11.48M"",""-5.00"""
"10.06.2022,""38.98"",""39.52"",""39.63"",""38.89"",""10.53M"",""-1.39"""
"09.06.2022,""39.53"",""40.25"",""40.54"",""39.53"",""7.93M"",""-2.25"""
"08.06.2022,""40.44"",""39.96"",""41.29"",""39.83"",""15.29M"",""0.77"""
"07.06.2022,""40.13"",""39.08"",""40.24"",""38.95"",""15.62M"",""1.44"""
"06.06.2022,""39.56"",""38.16"",""39.94"",""37.91"",""26.12M"",""-1.49"""
"03.06.2022,""40.16"",""40.45"",""41.04"",""39.97"",""18.27M"",""0.63"""
"02.06.2022,""39.91"",""39.07"",""40.47"",""38.81"",""11.58M"",""1.55"""
"01.06.2022,""39.30"",""39.80"",""40.26"",""39.24"",""11.08M"",""-0.76"""
"31.05.2022,""39.60"",""40.07"",""40.35"",""39.42"",""11.58M"",""-1.42"""
"27.05.2022,""40.17"",""39.57"",""40.77"",""39.48"",""16.79M"",""1.64"""
"26.05.2022,""39.52"",""38.52"",""39.59"",""38.23"",""22.97M"",""6.35"""
"25.05.2022,""37.16"",""36.06"",""37.37"",""36.02"",""18.50M"",""3.91"""
"24.05.2022,""35.76"",""36.94"",""37.20"",""35.40"",""21.93M"",""-5.55"""
"23.05.2022,""37.86"",""37.77"",""38.00"",""36.94"",""12.87M"",""-1.12"""
"20.05.2022,""38.29"",""37.77"",""38.31"",""36.75"",""23.64M"",""2.68"""
"19.05.2022,""37.29"",""36.76"",""38.50"",""36.20"",""32.00M"",""1.19"""
"18.05.2022,""36.85"",""37.42"",""38.72"",""36.58"",""23.75M"",""-3.84"""
"17.05.2022,""38.32"",""37.00"",""38.87"",""36.85"",""44.35M"",""2.49"""
"16.05.2022,""37.39"",""39.17"",""39.29"",""37.32"",""51.30M"",""-8.18"""
"13.05.2022,""40.72"",""40.35"",""42.00"",""40.02"",""101.83M"",""-9.67"""
"12.05.2022,""45.08"",""45.01"",""47.47"",""43.33"",""35.61M"",""-2.19"""
"11.05.2022,""46.09"",""46.95"",""48.15"",""45.80"",""24.62M"",""-2.48"""
"10.05.2022,""47.26"",""47.91"",""48.36"",""46.50"",""23.66M"",""-1.46"""
"09.05.2022,""47.96"",""49.30"",""49.44"",""47.63"",""37.71M"",""-3.69"""
"06.05.2022,""49.80"",""49.96"",""50.29"",""49.50"",""23.45M"",""-1.11"""
"05.05.2022,""50.36"",""50.53"",""51.21"",""49.81"",""60.51M"",""2.65"""
"04.05.2022,""49.06"",""48.80"",""49.25"",""48.34"",""28.15M"",""0.39"""
"03.05.2022,""48.87"",""49.15"",""49.48"",""48.75"",""24.49M"",""-0.55"""
"02.05.2022,""49.14"",""48.70"",""49.76"",""48.57"",""32.23M"",""0.24"""
"29.04.2022,""49.02"",""49.44"",""50.22"",""48.80"",""38.25M"",""-0.18"""
"28.04.2022,""49.11"",""49.00"",""49.90"",""47.97"",""42.45M"",""0.97"""
"27.04.2022,""48.64"",""49.06"",""49.26"",""47.82"",""57.71M"",""-2.09"""
"26.04.2022,""49.68"",""51.57"",""51.62"",""49.43"",""113.89M"",""-3.91"""
"25.04.2022,""51.70"",""51.02"",""52.24"",""50.30"",""171.20M"",""5.66"""
"22.04.2022,""48.93"",""47.83"",""49.68"",""47.50"",""76.50M"",""3.93"""
"21.04.2022,""47.08"",""45.51"",""47.94"",""45.50"",""69.50M"",""0.77"""
"20.04.2022,""46.72"",""46.34"",""47.11"",""45.03"",""62.71M"",""1.21"""
"19.04.2022,""46.16"",""47.30"",""48.50"",""45.00"",""124.92M"",""-4.73"""
"18.04.2022,""48.45"",""46.24"",""48.73"",""44.36"",""148.00M"",""7.48"""
"14.04.2022,""45.08"",""48.37"",""48.50"",""44.72"",""258.87M"",""-1.68"""
"13.04.2022,""45.85"",""44.80"",""46.33"",""44.55"",""44.13M"",""3.08"""
"12.04.2022,""44.48"",""47.03"",""47.55"",""44.44"",""60.51M"",""-5.38"""
"11.04.2022,""47.01"",""45.75"",""47.98"",""44.71"",""117.45M"",""1.69"""
"08.04.2022,""46.23"",""47.30"",""48.44"",""45.83"",""83.32M"",""-3.75"""
"07.04.2022,""48.03"",""50.47"",""51.64"",""46.55"",""120.42M"",""-5.40"""
"06.04.2022,""50.77"",""50.03"",""52.87"",""49.30"",""159.03M"",""-0.41"""
"05.04.2022,""50.98"",""53.85"",""54.57"",""50.56"",""215.52M"",""2.02"""
"04.04.2022,""49.97"",""47.87"",""51.37"",""46.86"",""264.91M"",""27.12"""
"01.04.2022,""39.31"",""39.16"",""39.85"",""39.00"",""12.13M"",""1.60"""
"31.03.2022,""38.69"",""39.11"",""39.23"",""38.41"",""13.18M"",""-0.79"""
"30.03.2022,""39.00"",""40.35"",""40.35"",""38.57"",""15.71M"",""-4.15"""
"29.03.2022,""40.69"",""39.48"",""40.96"",""39.39"",""17.30M"",""4.01"""
"28.03.2022,""39.12"",""38.44"",""39.29"",""38.30"",""13.90M"",""1.35"""
"25.03.2022,""38.60"",""38.99"",""39.47"",""37.69"",""20.79M"",""-0.57"""
"24.03.2022,""38.82"",""38.33"",""39.09"",""38.23"",""18.16M"",""2.16"""
"23.03.2022,""38.00"",""38.00"",""38.75"",""37.58"",""12.96M"",""-1.12"""
"22.03.2022,""38.43"",""37.64"",""39.04"",""37.62"",""17.15M"",""2.64"""
"21.03.2022,""37.44"",""37.70"",""37.89"",""36.64"",""19.15M"",""-0.87"""
"18.03.2022,""37.77"",""37.46"",""39.04"",""37.18"",""35.95M"",""1.26"""
"17.03.2022,""37.30"",""35.21"",""37.71"",""34.89"",""30.46M"",""5.46"""
"16.03.2022,""35.37"",""34.90"",""35.65"",""34.32"",""25.02M"",""4.12"""
"15.03.2022,""33.97"",""33.12"",""34.52"",""33.00"",""14.59M"",""2.85"""
"14.03.2022,""33.03"",""32.69"",""33.95"",""32.48"",""17.53M"",""0.09"""
"11.03.2022,""33.00"",""34.04"",""34.10"",""32.89"",""15.75M"",""-3.28"""
"10.03.2022,""34.12"",""33.63"",""34.44"",""33.37"",""12.49M"",""-0.73"""
"09.03.2022,""34.37"",""33.55"",""34.53"",""33.30"",""16.87M"",""5.17"""
"08.03.2022,""32.68"",""32.27"",""33.83"",""31.95"",""17.38M"",""0.80"""
"07.03.2022,""32.42"",""33.51"",""33.88"",""32.40"",""19.16M"",""-2.91"""
"04.03.2022,""33.39"",""33.75"",""34.23"",""32.95"",""17.54M"",""-0.30"""
"03.03.2022,""33.49"",""34.90"",""35.18"",""33.45"",""18.66M"",""-3.26"""
"02.03.2022,""34.62"",""35.77"",""35.77"",""34.13"",""18.14M"",""-2.64"""
"01.03.2022,""35.56"",""35.51"",""36.13"",""34.71"",""17.89M"",""0.03"""
"28.02.2022,""35.55"",""34.95"",""36.05"",""34.85"",""17.68M"",""0.74"""
"25.02.2022,""35.29"",""35.12"",""35.30"",""34.13"",""15.39M"",""0.89"""
"24.02.2022,""34.98"",""31.30"",""35.06"",""31.30"",""22.38M"",""6.78"""
"23.02.2022,""32.76"",""33.25"",""33.46"",""32.42"",""14.89M"",""-0.52"""
"22.02.2022,""32.93"",""33.66"",""33.93"",""32.75"",""16.80M"",""-4.05"""
"18.02.2022,""34.32"",""35.49"",""35.66"",""34.10"",""15.34M"",""-3.13"""
"17.02.2022,""35.43"",""35.99"",""36.61"",""35.32"",""16.29M"",""-2.24"""
"16.02.2022,""36.24"",""35.97"",""36.28"",""35.52"",""17.54M"",""-2.00"""
"15.02.2022,""36.98"",""36.23"",""37.00"",""36.06"",""21.28M"",""3.61"""
"14.02.2022,""35.69"",""35.62"",""36.61"",""35.50"",""15.03M"",""-0.42"""
"11.02.2022,""35.84"",""37.42"",""37.76"",""35.66"",""23.52M"",""-3.34"""
"10.02.2022,""37.08"",""36.56"",""39.10"",""36.22"",""47.68M"",""-1.98"""
"09.02.2022,""37.83"",""36.50"",""37.92"",""36.14"",""23.90M"",""5.14"""
"08.02.2022,""35.98"",""35.52"",""36.27"",""35.15"",""17.19M"",""-0.17"""
"07.02.2022,""36.04"",""36.72"",""37.33"",""35.90"",""22.65M"",""-2.44"""
"04.02.2022,""36.94"",""35.66"",""37.44"",""34.76"",""23.58M"",""7.13"""
"03.02.2022,""34.48"",""33.84"",""35.18"",""33.84"",""31.80M"",""-5.56"""
"02.02.2022,""36.51"",""38.29"",""38.29"",""36.25"",""17.52M"",""-4.22"""
"01.02.2022,""38.12"",""37.84"",""38.17"",""36.87"",""14.03M"",""1.63"""
"31.01.2022,""37.51"",""35.43"",""37.56"",""35.34"",""17.34M"",""6.35"""
"28.01.2022,""35.27"",""33.79"",""35.30"",""33.60"",""14.37M"",""4.23"""
"27.01.2022,""33.84"",""34.14"",""35.14"",""33.81"",""16.56M"",""0.65"""
"26.01.2022,""33.62"",""34.97"",""35.43"",""33.26"",""21.00M"",""-1.61"""
"25.01.2022,""34.17"",""34.22"",""34.99"",""33.62"",""18.00M"",""-2.54"""
"24.01.2022,""35.06"",""33.70"",""35.14"",""32.05"",""31.30M"",""0.69"""
"21.01.2022,""34.82"",""36.90"",""37.08"",""34.79"",""25.67M"",""-6.60"""
"20.01.2022,""37.28"",""37.84"",""39.03"",""37.19"",""17.52M"",""-0.19"""
"19.01.2022,""37.35"",""37.13"",""38.28"",""37.01"",""19.71M"",""0.13"""
"18.01.2022,""37.30"",""37.72"",""38.20"",""37.13"",""14.82M"",""-2.97"""
"14.01.2022,""38.44"",""38.43"",""39.05"",""37.51"",""14.85M"",""-0.67"""
"13.01.2022,""38.70"",""40.15"",""40.34"",""38.61"",""14.92M"",""-3.85"""
"12.01.2022,""40.25"",""40.88"",""41.48"",""39.77"",""10.39M"",""-1.01"""
"11.01.2022,""40.66"",""39.79"",""40.94"",""39.60"",""13.65M"",""1.73"""
"10.01.2022,""39.97"",""39.33"",""40.03"",""38.22"",""14.90M"",""0.76"""
"07.01.2022,""39.67"",""39.65"",""40.69"",""39.32"",""14.67M"",""0.20"""
"06.01.2022,""39.59"",""39.50"",""40.44"",""38.69"",""16.35M"",""0.23"""
"05.01.2022,""39.50"",""40.80"",""41.88"",""39.45"",""21.80M"",""-3.30"""
"04.01.2022,""40.85"",""42.85"",""42.97"",""40.36"",""20.84M"",""-4.24"""
"03.01.2022,""42.66"",""43.50"",""43.69"",""42.48"",""14.39M"",""-1.30"""
"31.12.2021,""43.22"",""44.34"",""44.76"",""43.18"",""9.83M"",""-2.79"""
"30.12.2021,""44.46"",""42.77"",""45.09"",""42.63"",""14.43M"",""3.98"""
"29.12.2021,""42.76"",""43.17"",""43.55"",""42.56"",""8.70M"",""-1.54"""
"28.12.2021,""43.43"",""44.21"",""44.78"",""43.23"",""8.81M"",""-2.03"""
"27.12.2021,""44.33"",""44.21"",""44.92"",""44.13"",""8.58M"",""0.38"""
"23.12.2021,""44.16"",""44.00"",""44.53"",""43.00"",""8.98M"",""0.59"""
"22.12.2021,""43.90"",""44.05"",""44.56"",""43.63"",""10.08M"",""-1.04"""
"21.12.2021,""44.36"",""43.23"",""44.45"",""42.72"",""9.45M"",""3.21"""
"20.12.2021,""42.98"",""42.37"",""43.26"",""41.79"",""12.16M"",""-0.21"""
"17.12.2021,""43.07"",""42.70"",""44.03"",""41.63"",""29.14M"",""-0.14"""
"16.12.2021,""43.13"",""44.43"",""45.03"",""42.72"",""12.99M"",""-2.13"""
"15.12.2021,""44.07"",""44.00"",""44.24"",""42.74"",""14.90M"",""-0.63"""
"14.12.2021,""44.35"",""44.04"",""44.69"",""43.70"",""10.92M"",""-0.56"""
"13.12.2021,""44.60"",""45.55"",""45.90"",""43.78"",""11.56M"",""-2.11"""
"10.12.2021,""45.56"",""46.60"",""46.60"",""44.97"",""14.06M"",""-1.94"""
"09.12.2021,""46.46"",""47.21"",""48.22"",""46.41"",""25.29M"",""1.62"""
"08.12.2021,""45.72"",""44.60"",""46.20"",""44.34"",""18.29M"",""2.83"""
"07.12.2021,""44.46"",""45.07"",""46.34"",""44.32"",""21.07M"",""-0.02"""
"06.12.2021,""44.47"",""42.11"",""44.72"",""41.75"",""25.52M"",""5.70"""
"03.12.2021,""42.07"",""42.82"",""43.10"",""41.01"",""26.13M"",""-1.36"""
"02.12.2021,""42.65"",""43.06"",""43.16"",""41.75"",""24.29M"",""-0.40"""
"01.12.2021,""42.82"",""44.91"",""46.50"",""42.80"",""33.98M"",""-2.55"""
"30.11.2021,""43.94"",""45.51"",""45.85"",""43.00"",""35.39M"",""-4.02"""
"29.11.2021,""45.78"",""51.88"",""52.27"",""45.62"",""71.16M"",""-2.74"""
"26.11.2021,""47.07"",""46.64"",""47.35"",""46.23"",""7.84M"",""-0.95"""
"24.11.2021,""47.52"",""46.66"",""47.64"",""46.16"",""9.98M"",""0.81"""
"23.11.2021,""47.14"",""47.20"",""47.46"",""45.97"",""19.52M"",""-0.36"""
"22.11.2021,""47.31"",""48.51"",""48.55"",""46.52"",""26.39M"",""-2.25"""
"19.11.2021,""48.40"",""49.12"",""50.37"",""48.40"",""26.16M"",""-0.41"""
"18.11.2021,""48.60"",""50.65"",""50.83"",""48.46"",""22.37M"",""-3.97"""
"17.11.2021,""50.61"",""52.03"",""52.14"",""50.58"",""16.68M"",""-2.88"""
"16.11.2021,""52.11"",""52.86"",""53.00"",""51.88"",""10.61M"",""-1.59"""
"15.11.2021,""52.95"",""52.41"",""53.91"",""52.41"",""21.77M"",""1.34"""
"12.11.2021,""52.25"",""52.30"",""52.81"",""51.92"",""13.29M"",""0.52"""
"11.11.2021,""51.98"",""52.59"",""52.84"",""51.84"",""13.44M"",""-0.67"""
"10.11.2021,""52.33"",""53.25"",""53.97"",""51.75"",""18.71M"",""-2.55"""
"09.11.2021,""53.70"",""54.11"",""54.93"",""53.15"",""11.05M"",""-0.70"""
"08.11.2021,""54.08"",""53.45"",""54.32"",""53.16"",""9.94M"",""1.75"""
"05.11.2021,""53.15"",""54.11"",""54.18"",""52.81"",""13.27M"",""-0.99"""
"04.11.2021,""53.68"",""54.58"",""54.84"",""53.18"",""11.17M"",""-1.56"""
"03.11.2021,""54.53"",""53.68"",""54.55"",""53.10"",""9.68M"",""1.00"""
"02.11.2021,""53.99"",""55.04"",""55.08"",""53.78"",""11.37M"",""-2.03"""
"01.11.2021,""55.11"",""53.56"",""55.33"",""53.41"",""13.56M"",""2.93"""
"29.10.2021,""53.54"",""54.01"",""54.48"",""53.15"",""14.83M"",""-1.38"""
"28.10.2021,""54.29"",""55.08"",""55.64"",""53.89"",""22.21M"",""-0.95"""
"27.10.2021,""54.81"",""60.05"",""60.16"",""54.78"",""47.46M"",""-10.78"""
"26.10.2021,""61.43"",""62.66"",""63.08"",""60.94"",""20.44M"",""-1.09"""
"25.10.2021,""62.11"",""61.52"",""62.67"",""60.45"",""15.52M"",""-0.21"""
"22.10.2021,""62.24"",""63.81"",""64.47"",""62.09"",""17.64M"",""-4.83"""
"21.10.2021,""65.40"",""65.67"",""65.98"",""64.73"",""9.59M"",""-0.61"""
"20.10.2021,""65.80"",""66.36"",""68.41"",""65.54"",""15.92M"",""-0.47"""
"19.10.2021,""66.11"",""65.14"",""67.36"",""64.30"",""11.42M"",""1.96"""
"18.10.2021,""64.84"",""62.69"",""65.07"",""62.67"",""10.34M"",""3.30"""
"15.10.2021,""62.77"",""63.24"",""63.43"",""62.29"",""6.69M"",""-0.63"""
"14.10.2021,""63.17"",""63.01"",""63.78"",""62.75"",""6.77M"",""1.56"""
"13.10.2021,""62.20"",""61.96"",""62.74"",""61.51"",""9.43M"",""1.22"""
"12.10.2021,""61.45"",""61.68"",""62.79"",""60.79"",""9.88M"",""-1.05"""
"11.10.2021,""62.10"",""62.99"",""63.51"",""62.07"",""8.99M"",""-2.48"""
"08.10.2021,""63.68"",""64.25"",""64.34"",""63.31"",""8.10M"",""-0.45"""
"07.10.2021,""63.97"",""62.19"",""64.36"",""62.15"",""14.72M"",""4.37"""
"06.10.2021,""61.29"",""58.95"",""61.71"",""58.79"",""10.35M"",""2.39"""
"05.10.2021,""59.86"",""59.21"",""60.67"",""58.82"",""12.01M"",""2.52"""
"04.10.2021,""58.39"",""61.04"",""61.16"",""57.64"",""17.24M"",""-5.79"""
"01.10.2021,""61.98"",""60.81"",""62.14"",""60.56"",""9.73M"",""2.63"""
"30.09.2021,""60.39"",""60.38"",""61.23"",""59.86"",""9.31M"",""0.53"""
"29.09.2021,""60.07"",""62.94"",""63.36"",""60.01"",""9.18M"",""-3.81"""
"28.09.2021,""62.45"",""64.36"",""64.54"",""62.16"",""9.65M"",""-4.47"""
"27.09.2021,""65.37"",""66.61"",""67.09"",""65.22"",""11.11M"",""-2.75"""
"24.09.2021,""67.22"",""66.09"",""67.45"",""65.46"",""11.04M"",""0.79"""
"23.09.2021,""66.69"",""64.79"",""66.93"",""64.04"",""15.08M"",""3.80"""
"22.09.2021,""64.25"",""62.05"",""64.63"",""61.26"",""13.03M"",""2.34"""
"21.09.2021,""62.78"",""61.51"",""63.30"",""61.51"",""10.37M"",""3.00"""
"20.09.2021,""60.95"",""61.15"",""61.32"",""59.84"",""12.03M"",""-2.43"""
"17.09.2021,""62.47"",""62.10"",""62.98"",""61.65"",""9.81M"",""0.29"""
"16.09.2021,""62.29"",""61.53"",""62.61"",""60.93"",""9.82M"",""0.73"""
"15.09.2021,""61.84"",""60.10"",""61.91"",""59.64"",""12.92M"",""2.74"""
"14.09.2021,""60.19"",""60.06"",""60.70"",""59.49"",""8.14M"",""0.89"""
"13.09.2021,""59.66"",""61.30"",""61.41"",""58.45"",""16.73M"",""-3.09"""
"10.09.2021,""61.56"",""62.95"",""63.37"",""61.47"",""7.03M"",""-1.44"""
"09.09.2021,""62.46"",""62.36"",""63.18"",""62.24"",""7.37M"",""0.31"""
"08.09.2021,""62.27"",""64.93"",""65.36"",""62.08"",""10.93M"",""-4.17"""
"07.09.2021,""64.98"",""64.71"",""65.13"",""64.15"",""7.05M"",""0.49"""
"03.09.2021,""64.66"",""64.43"",""65.09"",""63.85"",""5.06M"",""0.09"""
"02.09.2021,""64.60"",""65.97"",""66.05"",""64.41"",""8.58M"",""-1.45"""
"01.09.2021,""65.55"",""64.65"",""66.72"",""64.65"",""15.08M"",""1.63"""
"31.08.2021,""64.50"",""64.52"",""65.15"",""64.16"",""8.76M"",""-0.31"""
"30.08.2021,""64.70"",""63.69"",""65.05"",""63.45"",""8.04M"",""2.00"""
"27.08.2021,""63.43"",""62.72"",""63.72"",""62.49"",""6.33M"",""1.31"""
"26.08.2021,""62.61"",""63.96"",""64.25"",""62.53"",""6.27M"",""-2.43"""
"25.08.2021,""64.17"",""63.95"",""64.31"",""63.20"",""5.39M"",""0.30"""
"24.08.2021,""63.98"",""64.84"",""65.06"",""63.92"",""5.91M"",""-0.23"""
"23.08.2021,""64.13"",""63.20"",""64.56"",""63.06"",""9.73M"",""2.58"""
"20.08.2021,""62.52"",""62.13"",""63.17"",""61.99"",""8.60M"",""0.76"""
"19.08.2021,""62.05"",""61.59"",""63.19"",""61.50"",""8.35M"",""-0.11"""
"18.08.2021,""62.12"",""62.85"",""63.31"",""62.07"",""5.88M"",""-1.21"""
"17.08.2021,""62.88"",""63.34"",""63.84"",""62.35"",""6.87M"",""-1.41"""
"16.08.2021,""63.78"",""64.34"",""64.94"",""62.81"",""11.87M"",""-1.60"""
"13.08.2021,""64.82"",""64.99"",""65.77"",""64.61"",""6.08M"",""-0.20"""
"12.08.2021,""64.95"",""64.81"",""65.28"",""64.06"",""7.86M"",""-0.78"""
"11.08.2021,""65.46"",""65.79"",""66.33"",""64.63"",""8.53M"",""-0.33"""
"10.08.2021,""65.68"",""67.15"",""67.33"",""65.58"",""9.00M"",""-1.98"""
"09.08.2021,""67.01"",""67.38"",""67.51"",""66.45"",""7.94M"",""-0.53"""
"06.08.2021,""67.37"",""69.30"",""69.81"",""66.88"",""11.46M"",""-2.76"""
"05.08.2021,""69.28"",""68.92"",""69.44"",""68.09"",""8.63M"",""0.84"""
"04.08.2021,""68.70"",""68.60"",""69.03"",""67.91"",""7.58M"",""0.10"""
"03.08.2021,""68.63"",""69.87"",""70.96"",""68.08"",""9.11M"",""-0.72"""
"02.08.2021,""69.13"",""70.11"",""70.42"",""68.69"",""12.04M"",""-0.89"""
"30.07.2021,""69.75"",""69.83"",""71.13"",""69.50"",""13.22M"",""-0.88"""
"29.07.2021,""70.37"",""69.50"",""71.59"",""69.50"",""11.51M"",""0.59"""
"28.07.2021,""69.96"",""68.35"",""71.86"",""67.76"",""23.20M"",""2.39"""
"27.07.2021,""68.33"",""68.32"",""69.48"",""66.86"",""16.55M"",""-0.52"""
"26.07.2021,""68.69"",""71.25"",""71.25"",""67.51"",""29.19M"",""-4.18"""
"23.07.2021,""71.69"",""72.20"",""73.34"",""69.88"",""44.28M"",""3.05"""
"22.07.2021,""69.57"",""68.64"",""70.13"",""68.51"",""24.13M"",""0.04"""
"21.07.2021,""69.54"",""67.59"",""69.77"",""67.55"",""10.08M"",""2.36"""
"20.07.2021,""67.94"",""66.25"",""68.54"",""65.82"",""11.58M"",""2.91"""
"19.07.2021,""66.02"",""65.24"",""66.73"",""64.65"",""15.83M"",""-0.59"""
"16.07.2021,""66.41"",""68.56"",""69.28"",""66.14"",""14.27M"",""-2.44"""
"15.07.2021,""68.07"",""70.10"",""70.16"",""67.41"",""14.93M"",""-3.13"""
"14.07.2021,""70.27"",""70.42"",""72.07"",""70.09"",""21.56M"",""0.96"""
"13.07.2021,""69.60"",""69.54"",""70.87"",""69.26"",""9.99M"",""-0.37"""
"12.07.2021,""69.86"",""69.46"",""70.44"",""68.80"",""9.22M"",""1.29"""
"09.07.2021,""68.97"",""67.07"",""69.01"",""66.98"",""14.39M"",""3.20"""
"08.07.2021,""66.83"",""67.00"",""67.61"",""66.24"",""12.78M"",""-2.81"""
"07.07.2021,""68.76"",""70.63"",""70.85"",""68.71"",""10.61M"",""-2.07"""
"06.07.2021,""70.21"",""69.35"",""70.93"",""69.23"",""12.32M"",""1.46"""
"02.07.2021,""69.20"",""68.71"",""69.29"",""68.43"",""8.10M"",""1.60"""
"01.07.2021,""68.11"",""68.57"",""70.00"",""67.37"",""9.99M"",""-1.02"""
"30.06.2021,""68.81"",""68.76"",""69.12"",""68.25"",""9.75M"",""-0.28"""
"29.06.2021,""69.00"",""68.28"",""69.38"",""67.93"",""9.53M"",""1.04"""
"28.06.2021,""68.29"",""68.16"",""68.63"",""67.08"",""11.18M"",""0.53"""
"25.06.2021,""67.93"",""68.29"",""68.92"",""67.28"",""13.90M"",""-0.47"""
"24.06.2021,""68.25"",""66.75"",""68.74"",""66.75"",""23.14M"",""2.65"""
"23.06.2021,""66.49"",""63.91"",""66.77"",""63.79"",""18.55M"",""4.25"""
"22.06.2021,""63.78"",""61.92"",""64.05"",""61.91"",""16.69M"",""2.94"""
"21.06.2021,""61.96"",""60.85"",""62.09"",""59.74"",""12.03M"",""1.82"""
"18.06.2021,""60.85"",""60.20"",""60.97"",""59.52"",""13.27M"",""0.23"""
"17.06.2021,""60.71"",""59.61"",""61.62"",""59.53"",""10.20M"",""1.30"""
"16.06.2021,""59.93"",""60.12"",""61.15"",""59.15"",""9.34M"",""-0.50"""
"15.06.2021,""60.23"",""61.09"",""61.32"",""60.19"",""9.58M"",""-0.99"""
"14.06.2021,""60.83"",""60.85"",""61.55"",""60.45"",""9.32M"",""0.55"""
"11.06.2021,""60.50"",""59.95"",""60.63"",""59.87"",""6.98M"",""0.33"""
"10.06.2021,""60.30"",""59.80"",""60.38"",""58.74"",""8.72M"",""0.99"""
"09.06.2021,""59.71"",""59.59"",""61.05"",""59.41"",""16.16M"",""1.53"""
"08.06.2021,""58.81"",""59.79"",""60.09"",""57.82"",""12.77M"",""-1.38"""
"07.06.2021,""59.63"",""58.62"",""59.83"",""57.72"",""10.54M"",""1.07"""
"04.06.2021,""59.00"",""57.41"",""59.30"",""57.32"",""12.26M"",""3.49"""
"03.06.2021,""57.01"",""56.96"",""58.67"",""55.83"",""21.99M"",""-0.26"""
"02.06.2021,""57.16"",""57.28"",""57.64"",""56.32"",""9.47M"",""-0.49"""
"01.06.2021,""57.44"",""58.20"",""58.20"",""56.27"",""13.12M"",""-0.97"""
"28.05.2021,""58.00"",""58.20"",""58.56"",""57.83"",""8.75M"",""-0.14"""
"27.05.2021,""58.08"",""57.64"",""58.30"",""57.03"",""9.11M"",""0.40"""
"26.05.2021,""57.85"",""57.37"",""58.61"",""57.31"",""15.98M"",""1.49"""
"25.05.2021,""57.00"",""57.35"",""57.64"",""56.54"",""13.49M"",""-0.11"""
"24.05.2021,""57.06"",""54.90"",""57.33"",""54.66"",""25.66M"",""4.79"""
"21.05.2021,""54.45"",""55.00"",""55.00"",""53.94"",""12.58M"",""-0.48"""
"20.05.2021,""54.71"",""53.23"",""54.91"",""53.22"",""12.61M"",""3.38"""
"19.05.2021,""52.92"",""52.19"",""53.16"",""51.67"",""21.55M"",""-0.51"""
"18.05.2021,""53.19"",""52.60"",""55.15"",""52.42"",""23.61M"",""1.12"""
"17.05.2021,""52.60"",""52.23"",""52.73"",""51.27"",""21.35M"",""1.68"""
"14.05.2021,""51.73"",""50.61"",""51.91"",""50.19"",""9.84M"",""3.23"""
"13.05.2021,""50.11"",""51.67"",""51.77"",""49.12"",""14.30M"",""-1.16"""
"12.05.2021,""50.70"",""51.87"",""52.38"",""50.06"",""17.22M"",""-4.12"""
"11.05.2021,""52.88"",""49.52"",""53.19"",""49.20"",""16.75M"",""2.07"""
"10.05.2021,""51.81"",""53.01"",""53.08"",""51.62"",""17.36M"",""-3.68"""
"07.05.2021,""53.79"",""54.77"",""54.92"",""53.37"",""21.75M"",""-0.04"""
"06.05.2021,""53.81"",""53.48"",""53.84"",""52.34"",""19.59M"",""0.47"""
"05.05.2021,""53.56"",""54.95"",""54.97"",""53.32"",""19.11M"",""-1.54"""
"04.05.2021,""54.40"",""55.07"",""55.72"",""53.16"",""30.40M"",""-0.33"""
"03.05.2021,""54.58"",""55.52"",""55.55"",""52.67"",""79.65M"",""-1.16"""
"30.04.2021,""55.22"",""56.00"",""57.63"",""55.05"",""88.38M"",""-15.16"""
"29.04.2021,""65.09"",""67.01"",""67.05"",""63.98"",""31.02M"",""-0.93"""
"28.04.2021,""65.70"",""65.55"",""66.56"",""63.74"",""13.34M"",""-0.47"""
"27.04.2021,""66.01"",""67.14"",""68.36"",""66.00"",""10.83M"",""-1.06"""
"26.04.2021,""66.72"",""66.49"",""67.25"",""65.85"",""11.77M"",""-0.45"""
"23.04.2021,""67.02"",""65.72"",""67.13"",""65.43"",""12.42M"",""4.21"""
"22.04.2021,""64.31"",""67.42"",""67.50"",""64.08"",""16.80M"",""-4.49"""
"21.04.2021,""67.33"",""65.73"",""67.36"",""64.70"",""11.82M"",""2.48"""
"20.04.2021,""65.70"",""68.01"",""68.10"",""65.22"",""14.17M"",""-3.30"""
"19.04.2021,""67.94"",""69.62"",""69.92"",""66.77"",""18.20M"",""-3.11"""
"16.04.2021,""70.12"",""71.97"",""72.20"",""69.68"",""9.43M"",""-2.22"""
"15.04.2021,""71.71"",""70.55"",""71.88"",""70.17"",""11.11M"",""2.82"""
"14.04.2021,""69.74"",""72.51"",""73.22"",""69.50"",""12.93M"",""-3.74"""
"13.04.2021,""72.45"",""71.72"",""72.78"",""70.73"",""9.99M"",""2.24"""
"12.04.2021,""70.86"",""70.87"",""71.84"",""69.65"",""9.50M"",""-0.46"""
"09.04.2021,""71.19"",""70.35"",""71.45"",""69.91"",""15.66M"",""-0.04"""
"08.04.2021,""71.22"",""69.91"",""71.45"",""69.28"",""16.84M"",""3.23"""
"07.04.2021,""68.99"",""66.64"",""69.97"",""66.08"",""23.96M"",""2.97"""
"06.04.2021,""67.00"",""64.67"",""67.65"",""64.30"",""15.59M"",""4.30"""
"05.04.2021,""64.24"",""64.14"",""64.34"",""61.81"",""15.50M"",""0.64"""
"01.04.2021,""63.83"",""64.68"",""66.36"",""63.64"",""15.26M"",""0.31"""
"31.03.2021,""63.63"",""63.98"",""64.98"",""63.27"",""14.48M"",""1.02"""
"30.03.2021,""62.99"",""62.30"",""64.10"",""61.90"",""12.53M"",""0.08"""
"29.03.2021,""62.94"",""62.00"",""64.96"",""61.71"",""22.03M"",""2.74"""
"26.03.2021,""61.26"",""61.52"",""61.87"",""59.28"",""15.58M"",""0.10"""
"25.03.2021,""61.20"",""60.20"",""62.01"",""59.57"",""19.20M"",""-1.39"""
"24.03.2021,""62.06"",""64.95"",""64.95"",""62.05"",""15.48M"",""-3.44"""
"23.03.2021,""64.27"",""65.15"",""65.63"",""64.11"",""17.79M"",""-1.44"""
"22.03.2021,""65.21"",""66.89"",""66.89"",""64.35"",""24.12M"",""-1.54"""
"19.03.2021,""66.23"",""67.11"",""67.11"",""65.77"",""20.72M"",""-0.73"""
"18.03.2021,""66.72"",""69.21"",""69.90"",""66.68"",""15.85M"",""-4.96"""
"17.03.2021,""70.20"",""68.32"",""70.82"",""66.96"",""15.68M"",""1.37"""
"16.03.2021,""69.25"",""71.07"",""71.86"",""68.57"",""13.22M"",""-1.47"""
"15.03.2021,""70.28"",""68.24"",""70.49"",""67.18"",""15.48M"",""3.20"""
"12.03.2021,""68.10"",""67.72"",""68.81"",""66.64"",""15.41M"",""-0.53"""
"11.03.2021,""68.46"",""66.37"",""68.74"",""65.83"",""14.72M"",""5.60"""
"10.03.2021,""64.83"",""69.46"",""69.46"",""64.59"",""22.46M"",""-3.98"""
"09.03.2021,""67.52"",""65.72"",""68.21"",""64.60"",""22.60M"",""6.36"""
"08.03.2021,""63.48"",""67.40"",""68.64"",""63.42"",""21.72M"",""-5.18"""
"05.03.2021,""66.95"",""67.67"",""67.79"",""61.52"",""22.35M"",""0.30"""
"04.03.2021,""66.75"",""70.61"",""71.78"",""66.02"",""22.54M"",""-5.80"""
"03.03.2021,""70.86"",""74.01"",""74.50"",""70.66"",""19.38M"",""-3.81"""
"02.03.2021,""73.67"",""76.61"",""77.10"",""73.56"",""20.52M"",""-5.10"""
"01.03.2021,""77.63"",""78.36"",""78.73"",""76.05"",""24.36M"",""0.74"""
"26.02.2021,""77.06"",""76.87"",""79.08"",""75.00"",""35.32M"",""3.31"""
"25.02.2021,""74.59"",""78.15"",""80.75"",""73.89"",""63.63M"",""3.71"""
"24.02.2021,""71.92"",""73.10"",""73.95"",""71.71"",""18.31M"",""-1.71"""
"23.02.2021,""73.17"",""68.45"",""74.33"",""66.19"",""32.67M"",""3.80"""
"22.02.2021,""70.49"",""71.73"",""73.75"",""70.42"",""21.05M"",""-2.48"""
"19.02.2021,""72.28"",""72.97"",""74.96"",""71.88"",""25.91M"",""0.03"""
"18.02.2021,""72.26"",""70.74"",""72.90"",""70.36"",""16.07M"",""0.65"""
"17.02.2021,""71.79"",""73.05"",""73.28"",""70.13"",""21.42M"",""-2.93"""
"16.02.2021,""73.96"",""72.19"",""74.84"",""71.81"",""27.75M"",""2.87"""
"12.02.2021,""71.90"",""68.56"",""73.18"",""68.40"",""38.04M"",""4.87"""
"11.02.2021,""68.56"",""67.99"",""69.02"",""66.58"",""30.47M"",""1.17"""
"10.02.2021,""67.77"",""65.80"",""69.25"",""63.20"",""73.65M"",""13.20"""
"09.02.2021,""59.87"",""58.64"",""60.73"",""58.55"",""38.25M"",""2.87"""
"08.02.2021,""58.20"",""57.80"",""59.60"",""57.38"",""18.41M"",""2.50"""
"05.02.2021,""56.78"",""56.02"",""57.44"",""55.03"",""16.89M"",""0.48"""
"04.02.2021,""56.51"",""54.79"",""56.52"",""54.44"",""11.00M"",""3.54"""
"03.02.2021,""54.58"",""54.56"",""55.19"",""53.70"",""16.82M"",""1.07"""
"02.02.2021,""54.00"",""52.87"",""54.87"",""52.71"",""13.98M"",""2.54"""
"01.02.2021,""52.66"",""51.20"",""52.75"",""51.07"",""13.82M"",""4.22"""
"29.01.2021,""50.53"",""51.02"",""52.99"",""49.88"",""17.32M"",""-2.02"""
"28.01.2021,""51.57"",""49.49"",""52.25"",""49.27"",""19.97M"",""7.01"""
"27.01.2021,""48.19"",""50.64"",""50.85"",""47.98"",""22.43M"",""-2.98"""
"26.01.2021,""49.67"",""48.13"",""52.19"",""48.02"",""29.45M"",""3.83"""
"25.01.2021,""47.84"",""48.44"",""48.95"",""47.00"",""13.64M"",""-0.46"""
"22.01.2021,""48.06"",""46.90"",""48.18"",""46.80"",""13.56M"",""1.99"""
"21.01.2021,""47.12"",""47.73"",""48.02"",""46.50"",""15.46M"",""-1.01"""
"20.01.2021,""47.60"",""46.23"",""47.91"",""46.18"",""21.43M"",""3.64"""
"19.01.2021,""45.93"",""45.59"",""46.17"",""44.40"",""19.48M"",""1.66"""
"15.01.2021,""45.18"",""46.10"",""46.20"",""45.08"",""25.94M"",""-1.33"""
"14.01.2021,""45.79"",""47.66"",""47.66"",""45.43"",""29.75M"",""-3.03"""
"13.01.2021,""47.22"",""48.09"",""48.39"",""47.02"",""19.10M"",""0.38"""
"12.01.2021,""47.04"",""48.55"",""49.13"",""46.56"",""26.29M"",""-2.37"""
"11.01.2021,""48.18"",""47.09"",""49.49"",""45.15"",""61.65M"",""-6.41"""
"08.01.2021,""51.48"",""52.50"",""52.70"",""50.19"",""16.96M"",""-1.62"""
"07.01.2021,""52.33"",""52.22"",""53.38"",""51.46"",""18.97M"",""-1.75"""
"06.01.2021,""53.26"",""53.27"",""54.52"",""52.57"",""9.26M"",""-1.15"""
"05.01.2021,""53.88"",""53.41"",""54.50"",""53.15"",""8.32M"",""-1.19"""
"04.01.2021,""54.53"",""54.49"",""55.49"",""53.58"",""12.23M"",""0.70"""
"31.12.2020,""54.15"",""54.24"",""54.31"",""53.74"",""4.83M"",""-0.33"""
"30.12.2020,""54.33"",""54.69"",""54.91"",""54.14"",""5.33M"",""-0.06"""
"29.12.2020,""54.36"",""54.51"",""55.40"",""53.55"",""6.64M"",""-0.13"""
"28.12.2020,""54.43"",""55.00"",""55.18"",""53.93"",""6.83M"",""0.85"""
"24.12.2020,""53.97"",""54.52"",""55.19"",""53.86"",""3.66M"",""-0.61"""
"23.12.2020,""54.30"",""55.34"",""55.45"",""54.23"",""6.01M"",""-1.11"""
"22.12.2020,""54.91"",""55.00"",""55.68"",""54.37"",""9.26M"",""0.49"""
"21.12.2020,""54.64"",""54.50"",""55.68"",""53.58"",""10.35M"",""-2.20"""
"18.12.2020,""55.87"",""54.93"",""56.08"",""54.27"",""20.45M"",""2.27"""
"17.12.2020,""54.63"",""54.57"",""55.17"",""53.94"",""11.74M"",""1.11"""
"16.12.2020,""54.03"",""54.77"",""56.11"",""53.64"",""29.10M"",""2.29"""
"15.12.2020,""52.82"",""52.02"",""52.96"",""51.61"",""10.87M"",""1.54"""
"14.12.2020,""52.02"",""51.97"",""53.48"",""51.80"",""17.42M"",""1.13"""
"11.12.2020,""51.44"",""50.62"",""52.45"",""49.97"",""18.02M"",""0.45"""
"10.12.2020,""51.21"",""46.70"",""51.74"",""46.54"",""24.15M"",""8.43"""
"09.12.2020,""47.23"",""47.48"",""48.73"",""46.92"",""9.24M"",""-0.42"""
"08.12.2020,""47.43"",""47.79"",""48.10"",""46.90"",""7.45M"",""-0.98"""
"07.12.2020,""47.90"",""47.55"",""48.34"",""47.07"",""7.75M"",""0.36"""
"04.12.2020,""47.73"",""47.75"",""48.34"",""47.67"",""6.28M"",""-0.13"""
"03.12.2020,""47.79"",""47.17"",""48.15"",""47.03"",""7.14M"",""1.19"""
"02.12.2020,""47.23"",""46.36"",""47.94"",""45.93"",""10.28M"",""1.20"""
"01.12.2020,""46.67"",""46.76"",""47.27"",""45.80"",""9.08M"",""0.34"""
"30.11.2020,""46.51"",""46.52"",""46.82"",""44.94"",""9.97M"",""-0.17"""
"27.11.2020,""46.59"",""46.56"",""47.01"",""46.20"",""5.13M"",""0.34"""
"25.11.2020,""46.43"",""44.97"",""46.85"",""44.85"",""15.08M"",""2.65"""
"24.11.2020,""45.23"",""45.13"",""45.44"",""44.46"",""9.05M"",""0.65"""
"23.11.2020,""44.94"",""44.90"",""45.56"",""44.18"",""10.39M"",""0.58"""
"20.11.2020,""44.68"",""43.80"",""45.32"",""43.45"",""17.05M"",""2.43"""
"19.11.2020,""43.62"",""43.12"",""43.87"",""42.80"",""13.87M"",""0.67"""
"18.11.2020,""43.33"",""42.94"",""44.29"",""42.80"",""9.99M"",""1.12"""
"17.11.2020,""42.85"",""42.36"",""43.43"",""42.36"",""11.29M"",""0.28"""
"16.11.2020,""42.73"",""43.50"",""43.64"",""42.43"",""14.28M"",""-1.72"""
"13.11.2020,""43.48"",""43.25"",""43.53"",""42.41"",""8.13M"",""1.57"""
"12.11.2020,""42.81"",""43.30"",""44.15"",""42.68"",""9.11M"",""-1.88"""
"11.11.2020,""43.63"",""42.97"",""43.73"",""42.86"",""11.06M"",""2.88"""
"10.11.2020,""42.41"",""43.36"",""43.97"",""41.61"",""14.13M"",""-1.81"""
"09.11.2020,""43.19"",""43.96"",""45.18"",""43.11"",""21.24M"",""0.16"""
"06.11.2020,""43.12"",""43.51"",""44.19"",""42.82"",""17.10M"",""-1.35"""
"05.11.2020,""43.71"",""43.51"",""44.04"",""42.48"",""19.69M"",""2.22"""
"04.11.2020,""42.76"",""42.23"",""42.93"",""40.81"",""34.72M"",""2.47"""
"03.11.2020,""41.73"",""40.03"",""42.12"",""40.03"",""33.81M"",""5.73"""
"02.11.2020,""39.47"",""41.15"",""41.60"",""38.93"",""47.32M"",""-4.57"""
"30.10.2020,""41.36"",""44.53"",""45.18"",""40.83"",""86.43M"",""-21.11"""
"29.10.2020,""52.43"",""51.95"",""52.93"",""50.57"",""55.94M"",""8.04"""
"28.10.2020,""48.53"",""49.60"",""50.00"",""48.25"",""20.17M"",""-5.34"""
"27.10.2020,""51.27"",""49.50"",""51.51"",""49.14"",""19.31M"",""4.63"""
"26.10.2020,""49.00"",""50.00"",""50.65"",""48.40"",""22.80M"",""-2.85"""
"23.10.2020,""50.44"",""50.20"",""50.50"",""48.94"",""14.90M"",""0.32"""
"22.10.2020,""50.28"",""50.00"",""50.34"",""48.11"",""18.29M"",""0.08"""
"21.10.2020,""50.24"",""48.97"",""50.52"",""48.85"",""30.72M"",""8.39"""
"20.10.2020,""46.35"",""45.55"",""46.78"",""45.46"",""9.51M"",""1.16"""
"19.10.2020,""45.82"",""46.05"",""46.30"",""45.24"",""9.87M"",""0.02"""
"16.10.2020,""45.81"",""46.36"",""46.45"",""45.05"",""13.01M"",""-0.48"""
"15.10.2020,""46.03"",""45.06"",""46.09"",""44.30"",""19.82M"",""0.11"""
"14.10.2020,""45.98"",""47.49"",""47.70"",""45.62"",""14.46M"",""-2.17"""
"13.10.2020,""47.00"",""48.28"",""48.32"",""46.99"",""9.81M"",""-2.59"""
"12.10.2020,""48.25"",""47.61"",""48.65"",""47.41"",""24.16M"",""5.12"""
"09.10.2020,""45.90"",""46.40"",""46.41"",""45.66"",""8.29M"",""-0.24"""
"08.10.2020,""46.01"",""46.44"",""46.62"",""45.78"",""11.36M"",""0.31"""
"07.10.2020,""45.87"",""46.07"",""46.40"",""45.74"",""19.41M"",""0.59"""
"06.10.2020,""45.60"",""47.27"",""47.87"",""45.03"",""15.67M"",""-3.61"""
"05.10.2020,""47.31"",""46.46"",""47.49"",""46.12"",""11.20M"",""2.58"""
"02.10.2020,""46.12"",""45.54"",""46.88"",""45.43"",""13.50M"",""-1.24"""
"01.10.2020,""46.70"",""45.07"",""46.72"",""44.98"",""18.69M"",""4.94"""
"30.09.2020,""44.50"",""44.62"",""45.09"",""43.95"",""12.92M"",""-0.54"""
"29.09.2020,""44.74"",""44.35"",""45.51"",""44.29"",""13.59M"",""1.34"""
"28.09.2020,""44.15"",""44.40"",""44.42"",""43.61"",""11.67M"",""0.71"""
"25.09.2020,""43.84"",""43.21"",""44.02"",""42.59"",""15.46M"",""1.62"""
"24.09.2020,""43.14"",""44.69"",""45.07"",""42.66"",""27.77M"",""-4.83"""
"23.09.2020,""45.33"",""43.88"",""46.82"",""43.70"",""64.80M"",""6.08"""
"22.09.2020,""42.73"",""40.37"",""42.83"",""40.27"",""22.38M"",""7.09"""
"21.09.2020,""39.90"",""39.43"",""40.20"",""39.22"",""13.79M"",""-0.62"""
"18.09.2020,""40.15"",""39.36"",""40.24"",""38.93"",""19.49M"",""2.03"""
"17.09.2020,""39.35"",""38.85"",""39.53"",""38.60"",""12.75M"",""-0.63"""
"16.09.2020,""39.60"",""39.39"",""40.90"",""39.19"",""18.90M"",""1.30"""
"15.09.2020,""39.09"",""39.19"",""39.30"",""38.23"",""14.10M"",""0.83"""
"14.09.2020,""38.77"",""39.41"",""39.59"",""38.55"",""9.42M"",""-0.41"""
"11.09.2020,""38.93"",""39.24"",""39.49"",""38.51"",""9.89M"",""-0.05"""
"10.09.2020,""38.95"",""39.79"",""40.40"",""38.82"",""10.41M"",""-1.54"""
"09.09.2020,""39.56"",""38.85"",""39.81"",""38.33"",""10.74M"",""3.59"""
"08.09.2020,""38.19"",""38.52"",""39.18"",""38.10"",""16.12M"",""-4.21"""
"04.09.2020,""39.87"",""41.20"",""41.49"",""38.43"",""17.82M"",""-4.23"""
"03.09.2020,""41.63"",""42.74"",""43.00"",""40.96"",""18.76M"",""-4.67"""
"02.09.2020,""43.67"",""41.52"",""44.09"",""41.36"",""26.80M"",""6.12"""
"01.09.2020,""41.15"",""40.61"",""41.24"",""40.14"",""10.48M"",""1.40"""
"31.08.2020,""40.58"",""40.99"",""41.07"",""40.56"",""7.47M"",""-1.19"""
"28.08.2020,""41.07"",""40.50"",""41.17"",""40.42"",""8.03M"",""1.68"""
"27.08.2020,""40.39"",""40.97"",""41.25"",""40.07"",""13.06M"",""-1.68"""
"26.08.2020,""41.08"",""40.55"",""41.33"",""40.00"",""12.53M"",""1.31"""
"25.08.2020,""40.55"",""40.44"",""40.70"",""39.32"",""12.47M"",""0.15"""
"24.08.2020,""40.49"",""39.68"",""40.80"",""39.64"",""20.50M"",""3.13"""
"21.08.2020,""39.26"",""38.99"",""39.39"",""38.70"",""9.76M"",""0.77"""
"20.08.2020,""38.96"",""38.62"",""39.00"",""38.30"",""7.75M"",""0.18"""
"19.08.2020,""38.89"",""38.09"",""39.52"",""38.06"",""17.08M"",""2.32"""
"18.08.2020,""38.01"",""38.28"",""38.46"",""37.74"",""8.57M"",""0.11"""
"17.08.2020,""37.97"",""37.95"",""38.09"",""37.27"",""10.19M"",""0.18"""
"14.08.2020,""37.90"",""37.74"",""37.96"",""37.28"",""10.38M"",""0.21"""
"13.08.2020,""37.82"",""37.43"",""38.27"",""37.37"",""13.26M"",""1.01"""
"12.08.2020,""37.44"",""37.50"",""38.00"",""36.82"",""11.01M"",""0.43"""
"11.08.2020,""37.28"",""37.59"",""39.00"",""36.71"",""20.49M"",""-0.43"""
"10.08.2020,""37.44"",""38.36"",""39.17"",""37.31"",""29.30M"",""0.81"""
"07.08.2020,""37.14"",""37.42"",""38.02"",""36.73"",""11.34M"",""-1.46"""
"06.08.2020,""37.69"",""36.85"",""37.81"",""36.49"",""10.48M"",""2.45"""
"05.08.2020,""36.79"",""36.56"",""37.34"",""36.41"",""10.05M"",""1.21"""
"04.08.2020,""36.35"",""35.92"",""36.61"",""35.65"",""10.60M"",""-0.11"""
"03.08.2020,""36.39"",""36.41"",""36.89"",""35.90"",""15.49M"",""-0.03"""
"31.07.2020,""36.40"",""37.33"",""37.33"",""35.97"",""18.55M"",""-0.87"""
"30.07.2020,""36.72"",""36.73"",""37.10"",""36.38"",""10.00M"",""-1.18"""
"29.07.2020,""37.16"",""36.97"",""37.25"",""36.73"",""10.68M"",""1.50"""
"28.07.2020,""36.61"",""36.45"",""37.32"",""36.41"",""13.57M"",""-0.65"""
"27.07.2020,""36.85"",""37.58"",""37.59"",""36.09"",""22.91M"",""-1.84"""
"24.07.2020,""37.54"",""38.28"",""38.54"",""37.14"",""23.07M"",""-2.34"""
"23.07.2020,""38.44"",""37.65"",""40.26"",""37.50"",""90.27M"",""4.06"""
"22.07.2020,""36.94"",""36.97"",""37.42"",""36.25"",""18.19M"",""-0.19"""
"21.07.2020,""37.01"",""37.79"",""38.50"",""37.00"",""19.28M"",""-0.13"""
"20.07.2020,""37.06"",""35.80"",""37.17"",""35.80"",""16.87M"",""3.49"""
"17.07.2020,""35.81"",""35.31"",""36.00"",""34.73"",""18.57M"",""1.50"""
"16.07.2020,""35.28"",""34.13"",""35.58"",""34.00"",""24.35M"",""-1.09"""
"15.07.2020,""35.67"",""35.12"",""35.80"",""34.62"",""16.58M"",""3.75"""
"14.07.2020,""34.38"",""33.53"",""34.66"",""33.44"",""18.53M"",""1.66"""
"13.07.2020,""33.82"",""35.72"",""36.21"",""33.76"",""22.48M"",""-4.46"""
"10.07.2020,""35.40"",""35.46"",""35.76"",""34.86"",""15.24M"",""-0.90"""
"09.07.2020,""35.72"",""35.88"",""36.18"",""34.81"",""34.65M"",""0.88"""
"08.07.2020,""35.41"",""33.20"",""36.98"",""32.73"",""109.65M"",""7.34"""
"07.07.2020,""32.99"",""31.96"",""33.67"",""31.77"",""27.94M"",""2.01"""
"06.07.2020,""32.34"",""31.55"",""32.81"",""31.16"",""22.40M"",""4.76"""
"02.07.2020,""30.87"",""31.30"",""31.40"",""30.39"",""14.55M"",""0.19"""
"01.07.2020,""30.81"",""30.15"",""31.17"",""30.06"",""20.78M"",""3.42"""
"30.06.2020,""29.79"",""29.63"",""29.82"",""29.02"",""20.65M"",""1.02"""
"29.06.2020,""29.49"",""28.51"",""30.04"",""28.23"",""27.48M"",""1.51"""
"26.06.2020,""29.05"",""31.12"",""31.32"",""28.75"",""56.91M"",""-7.40"""
"25.06.2020,""31.37"",""31.54"",""31.61"",""30.82"",""17.80M"",""-1.13"""
"24.06.2020,""31.73"",""32.53"",""33.06"",""31.34"",""16.59M"",""-3.59"""
"23.06.2020,""32.91"",""33.75"",""33.80"",""32.73"",""20.55M"",""-1.67"""
"22.06.2020,""33.47"",""33.57"",""33.64"",""32.95"",""12.90M"",""0.18"""
"19.06.2020,""33.41"",""34.64"",""34.95"",""33.40"",""19.35M"",""-1.82"""
"18.06.2020,""34.03"",""34.30"",""34.45"",""33.86"",""10.54M"",""-0.90"""
"17.06.2020,""34.34"",""34.49"",""34.82"",""34.10"",""12.27M"",""-0.84"""
"16.06.2020,""34.63"",""35.14"",""35.46"",""34.21"",""20.13M"",""1.52"""
"15.06.2020,""34.11"",""32.91"",""34.19"",""32.84"",""19.34M"",""2.13"""
"12.06.2020,""33.40"",""33.94"",""34.17"",""32.47"",""14.71M"",""1.12"""
"11.06.2020,""33.03"",""33.13"",""34.45"",""32.72"",""23.73M"",""-6.00"""
"10.06.2020,""35.14"",""36.12"",""36.44"",""34.90"",""17.48M"",""-2.17"""
"09.06.2020,""35.92"",""35.99"",""36.20"",""35.16"",""17.84M"",""-1.97"""
"08.06.2020,""36.64"",""35.96"",""36.94"",""35.75"",""20.21M"",""5.08"""
"05.06.2020,""34.87"",""34.47"",""35.97"",""34.47"",""23.21M"",""3.41"""
"04.06.2020,""33.72"",""34.50"",""34.94"",""33.34"",""20.27M"",""-3.33"""
"03.06.2020,""34.88"",""32.61"",""35.04"",""32.44"",""28.40M"",""8.12"""
"02.06.2020,""32.26"",""32.19"",""32.42"",""31.61"",""15.32M"",""1.16"""
"01.06.2020,""31.89"",""31.06"",""32.10"",""30.84"",""14.58M"",""2.97"""
"29.05.2020,""30.97"",""31.56"",""31.61"",""30.29"",""39.43M"",""-1.99"""
"28.05.2020,""31.60"",""31.50"",""32.68"",""31.32"",""37.32M"",""-4.45"""
"27.05.2020,""33.07"",""33.63"",""34.00"",""32.23"",""24.55M"",""-2.76"""
"26.05.2020,""34.01"",""33.60"",""34.27"",""33.36"",""20.49M"",""4.26"""
"22.05.2020,""32.62"",""32.38"",""32.77"",""31.77"",""13.31M"",""0.87"""
"21.05.2020,""32.34"",""32.10"",""32.61"",""31.39"",""22.88M"",""0.34"""
"20.05.2020,""32.23"",""30.50"",""32.35"",""30.45"",""26.96M"",""7.86"""
"19.05.2020,""29.88"",""29.70"",""30.35"",""29.32"",""17.39M"",""0.81"""
"18.05.2020,""29.64"",""29.70"",""30.29"",""29.56"",""15.79M"",""2.21"""
"15.05.2020,""29.00"",""28.30"",""29.25"",""28.11"",""15.94M"",""1.54"""
"14.05.2020,""28.56"",""27.83"",""28.58"",""27.12"",""12.36M"",""1.53"""
"13.05.2020,""28.13"",""29.24"",""29.68"",""27.58"",""19.40M"",""-3.50"""
"12.05.2020,""29.15"",""29.85"",""29.93"",""29.09"",""13.73M"",""-1.82"""
"11.05.2020,""29.69"",""29.65"",""30.07"",""29.33"",""13.84M"",""-0.80"""
"08.05.2020,""29.93"",""29.09"",""29.97"",""28.74"",""19.21M"",""4.03"""
"07.05.2020,""28.77"",""28.08"",""28.77"",""27.94"",""16.19M"",""3.94"""
"06.05.2020,""27.68"",""28.35"",""28.42"",""27.55"",""15.53M"",""-1.39"""
"05.05.2020,""28.07"",""28.67"",""28.73"",""27.90"",""19.22M"",""-0.57"""
"04.05.2020,""28.23"",""27.60"",""28.42"",""27.39"",""17.85M"",""1.40"""
"01.05.2020,""27.84"",""28.00"",""28.45"",""27.19"",""28.23M"",""-2.93"""
"30.04.2020,""28.68"",""28.79"",""30.57"",""28.09"",""68.96M"",""-7.75"""
"29.04.2020,""31.09"",""30.06"",""31.50"",""29.62"",""29.57M"",""7.99"""
"28.04.2020,""28.79"",""30.40"",""30.45"",""28.57"",""23.36M"",""-4.03"""
"27.04.2020,""30.00"",""29.13"",""30.39"",""29.13"",""22.49M"",""4.38"""
"24.04.2020,""28.74"",""27.99"",""28.84"",""27.46"",""15.94M"",""3.16"""
"23.04.2020,""27.86"",""28.43"",""28.84"",""27.73"",""19.02M"",""-2.04"""
"22.04.2020,""28.44"",""27.00"",""28.50"",""26.45"",""28.59M"",""10.45"""
"21.04.2020,""25.75"",""26.39"",""26.72"",""25.05"",""28.09M"",""-4.66"""
"20.04.2020,""27.01"",""26.31"",""27.53"",""26.11"",""16.76M"",""1.16"""
"17.04.2020,""26.70"",""27.16"",""27.92"",""26.47"",""21.13M"",""0.56"""
"16.04.2020,""26.55"",""26.86"",""27.17"",""25.95"",""21.95M"",""-3.49"""
"15.04.2020,""27.51"",""27.10"",""27.64"",""26.75"",""15.82M"",""-1.54"""
"14.04.2020,""27.94"",""28.00"",""28.41"",""27.60"",""13.77M"",""2.68"""
"13.04.2020,""27.21"",""27.55"",""27.62"",""26.24"",""15.06M"",""-2.02"""
"09.04.2020,""27.77"",""28.48"",""29.05"",""27.28"",""22.23M"",""-0.32"""
"08.04.2020,""27.86"",""26.79"",""28.46"",""25.92"",""31.24M"",""8.79"""
"07.04.2020,""25.61"",""25.97"",""26.86"",""25.31"",""25.83M"",""2.73"""
"06.04.2020,""24.93"",""24.10"",""25.05"",""23.79"",""26.01M"",""7.97"""
"03.04.2020,""23.09"",""24.10"",""24.32"",""22.75"",""25.03M"",""0.30"""
"02.04.2020,""23.02"",""23.00"",""23.58"",""22.36"",""17.11M"",""-1.29"""
"01.04.2020,""23.32"",""23.70"",""24.39"",""23.05"",""20.03M"",""-5.05"""
"31.03.2020,""24.56"",""25.79"",""26.33"",""24.40"",""24.99M"",""-4.03"""
"30.03.2020,""25.59"",""25.25"",""25.94"",""24.60"",""20.72M"",""1.19"""
"27.03.2020,""25.29"",""25.56"",""25.83"",""24.76"",""22.07M"",""-4.24"""
"26.03.2020,""26.41"",""26.15"",""27.03"",""25.62"",""20.45M"",""1.69"""
"25.03.2020,""25.97"",""25.85"",""27.46"",""24.52"",""25.74M"",""0.46"""
"24.03.2020,""25.85"",""25.79"",""26.46"",""24.13"",""32.82M"",""4.70"""
"23.03.2020,""24.69"",""23.80"",""25.25"",""23.50"",""21.88M"",""3.09"""
"20.03.2020,""23.95"",""24.97"",""25.86"",""23.70"",""28.25M"",""-0.75"""
"19.03.2020,""24.13"",""22.11"",""25.17"",""20.66"",""29.98M"",""9.68"""
"18.03.2020,""22.00"",""22.95"",""23.49"",""20.00"",""31.01M"",""-10.13"""
"17.03.2020,""24.48"",""24.38"",""25.84"",""23.18"",""28.74M"",""1.83"""
"16.03.2020,""24.04"",""26.12"",""28.35"",""23.92"",""28.77M"",""-17.92"""
"13.03.2020,""29.29"",""28.83"",""29.41"",""26.40"",""29.06M"",""9.37"""
"12.03.2020,""26.78"",""29.08"",""29.69"",""26.70"",""32.52M"",""-14.44"""
"11.03.2020,""31.30"",""33.30"",""33.46"",""30.01"",""27.48M"",""-8.77"""
"10.03.2020,""34.31"",""33.90"",""34.78"",""33.12"",""27.33M"",""5.70"""
"09.03.2020,""32.46"",""31.81"",""35.36"",""30.62"",""41.77M"",""-2.99"""
"06.03.2020,""33.46"",""33.81"",""33.99"",""32.51"",""20.36M"",""-4.32"""
"05.03.2020,""34.97"",""35.03"",""35.73"",""34.52"",""14.13M"",""-2.86"""
"04.03.2020,""36.00"",""35.76"",""36.00"",""34.77"",""14.98M"",""3.06"""
"03.03.2020,""34.93"",""36.02"",""36.48"",""34.41"",""22.97M"",""-2.48"""
"02.03.2020,""35.82"",""36.00"",""36.86"",""35.14"",""39.91M"",""7.89"""
"28.02.2020,""33.20"",""31.86"",""33.37"",""31.51"",""33.69M"",""0.58"""
"27.02.2020,""33.01"",""33.73"",""34.20"",""32.47"",""27.23M"",""-4.68"""
"26.02.2020,""34.63"",""35.28"",""35.82"",""34.44"",""18.07M"",""-1.65"""
"25.02.2020,""35.21"",""36.18"",""36.45"",""34.88"",""19.84M"",""-1.89"""
"24.02.2020,""35.89"",""36.50"",""36.59"",""35.30"",""25.16M"",""-6.32"""
"21.02.2020,""38.31"",""38.67"",""38.76"",""38.04"",""15.33M"",""-1.90"""
"20.02.2020,""39.05"",""38.76"",""39.06"",""37.95"",""17.27M"",""0.72"""
"19.02.2020,""38.77"",""38.09"",""38.91"",""37.94"",""19.07M"",""1.87"""
"18.02.2020,""38.06"",""36.78"",""38.07"",""36.68"",""16.82M"",""3.12"""
"14.02.2020,""36.91"",""37.00"",""37.35"",""36.58"",""12.21M"",""-0.67"""
"13.02.2020,""37.16"",""36.43"",""37.32"",""36.21"",""19.62M"",""1.01"""
"12.02.2020,""36.79"",""36.19"",""37.02"",""36.17"",""20.72M"",""3.20"""
"11.02.2020,""35.65"",""36.12"",""36.28"",""35.53"",""14.46M"",""-0.86"""
"10.02.2020,""35.96"",""36.63"",""36.85"",""35.65"",""34.86M"",""-2.89"""
"07.02.2020,""37.03"",""37.63"",""38.15"",""36.84"",""31.14M"",""-3.59"""
"06.02.2020,""38.41"",""36.53"",""39.64"",""36.42"",""87.66M"",""15.03"""
"05.02.2020,""33.39"",""34.00"",""34.16"",""33.19"",""20.47M"",""-1.68"""
"04.02.2020,""33.96"",""33.75"",""34.12"",""33.40"",""14.60M"",""2.69"""
"03.02.2020,""33.07"",""32.56"",""33.24"",""32.45"",""14.20M"",""1.82"""
"31.01.2020,""32.48"",""33.11"",""33.14"",""32.08"",""12.03M"",""-2.23"""
"30.01.2020,""33.22"",""32.86"",""33.23"",""32.39"",""12.08M"",""-1.22"""
"29.01.2020,""33.63"",""33.59"",""33.88"",""33.29"",""7.58M"",""0.63"""
"28.01.2020,""33.42"",""33.06"",""33.66"",""32.85"",""9.74M"",""1.95"""
"27.01.2020,""32.78"",""32.31"",""32.93"",""32.15"",""11.80M"",""-1.24"""
"24.01.2020,""33.19"",""34.11"",""34.11"",""32.97"",""12.34M"",""-2.07"""
"23.01.2020,""33.89"",""33.99"",""34.36"",""33.72"",""14.89M"",""-0.38"""
"22.01.2020,""34.02"",""34.29"",""34.54"",""33.95"",""12.85M"",""-0.21"""
"21.01.2020,""34.09"",""34.08"",""34.38"",""33.87"",""17.06M"",""-0.38"""
"17.01.2020,""34.22"",""33.82"",""34.39"",""33.58"",""19.30M"",""0.09"""
"16.01.2020,""34.19"",""33.50"",""34.27"",""33.03"",""19.92M"",""2.89"""
"15.01.2020,""33.23"",""32.99"",""33.51"",""32.95"",""11.26M"",""1.25"""
"14.01.2020,""32.82"",""32.69"",""33.12"",""32.64"",""9.82M"",""0.40"""
"13.01.2020,""32.69"",""32.97"",""33.07"",""32.49"",""11.01M"",""-0.27"""
"10.01.2020,""32.78"",""32.86"",""33.01"",""32.46"",""11.16M"",""-1.32"""
"09.01.2020,""33.22"",""33.53"",""33.54"",""33.00"",""10.89M"",""0.51"""
"08.01.2020,""33.05"",""32.35"",""33.40"",""32.35"",""14.64M"",""1.57"""
"07.01.2020,""32.54"",""31.80"",""32.70"",""31.72"",""14.00M"",""2.84"""
"06.01.2020,""31.64"",""31.23"",""31.71"",""31.16"",""12.59M"",""0.38"""
"03.01.2020,""31.52"",""31.71"",""32.10"",""31.26"",""14.44M"",""-2.41"""
"02.01.2020,""32.30"",""32.31"",""32.50"",""31.96"",""10.69M"",""0.78"""
"31.12.2019,""32.05"",""31.86"",""32.32"",""31.77"",""11.06M"",""0.06"""
"30.12.2019,""32.03"",""32.49"",""32.50"",""31.82"",""9.40M"",""-1.60"""
"27.12.2019,""32.55"",""32.75"",""32.84"",""32.22"",""10.41M"",""-0.25"""
"26.12.2019,""32.63"",""32.59"",""32.89"",""32.42"",""9.81M"",""0.40"""
"24.12.2019,""32.50"",""32.44"",""32.71"",""32.42"",""4.29M"",""0.22"""
"23.12.2019,""32.43"",""32.13"",""32.80"",""31.99"",""13.99M"",""0.93"""
"20.12.2019,""32.13"",""32.12"",""32.25"",""31.54"",""21.86M"",""0.31"""
"19.12.2019,""32.03"",""31.75"",""32.42"",""31.61"",""19.91M"",""1.10"""
"18.12.2019,""31.68"",""30.69"",""31.91"",""30.63"",""19.05M"",""3.19"""
"17.12.2019,""30.70"",""31.07"",""31.21"",""30.63"",""11.91M"",""-0.87"""
"16.12.2019,""30.97"",""30.52"",""31.28"",""30.41"",""15.86M"",""1.91"""
"13.12.2019,""30.39"",""30.24"",""30.61"",""30.24"",""12.84M"",""0.30"""
"12.12.2019,""30.30"",""30.47"",""30.59"",""29.93"",""18.92M"",""-0.82"""
"11.12.2019,""30.55"",""29.95"",""30.60"",""29.86"",""11.01M"",""2.38"""
"10.12.2019,""29.84"",""30.23"",""30.26"",""29.77"",""12.38M"",""-1.22"""
"09.12.2019,""30.21"",""30.12"",""30.75"",""30.12"",""10.06M"",""0.07"""
"06.12.2019,""30.19"",""30.35"",""30.47"",""29.98"",""10.88M"",""0.50"""
"05.12.2019,""30.04"",""30.08"",""30.36"",""29.92"",""11.07M"",""0.13"""
"04.12.2019,""30.00"",""30.18"",""30.33"",""29.91"",""9.78M"",""0.10"""
"03.12.2019,""29.97"",""29.94"",""30.01"",""29.48"",""16.56M"",""-1.48"""
"02.12.2019,""30.42"",""30.91"",""30.95"",""29.97"",""14.55M"",""-1.59"""
"29.11.2019,""30.91"",""31.11"",""31.14"",""30.78"",""7.81M"",""-0.83"""
"27.11.2019,""31.17"",""31.00"",""31.36"",""30.93"",""14.19M"",""0.68"""
"26.11.2019,""30.96"",""30.57"",""30.99"",""30.40"",""16.36M"",""1.38"""
"25.11.2019,""30.54"",""30.13"",""30.57"",""30.05"",""14.05M"",""1.70"""
"22.11.2019,""30.03"",""29.87"",""30.17"",""29.57"",""14.19M"",""0.81"""
"21.11.2019,""29.79"",""29.20"",""30.49"",""29.15"",""24.30M"",""2.13"""
"20.11.2019,""29.17"",""29.30"",""29.48"",""28.88"",""14.29M"",""-0.92"""
"19.11.2019,""29.44"",""29.62"",""29.67"",""29.18"",""9.96M"",""-0.17"""
"18.11.2019,""29.49"",""29.24"",""29.73"",""29.01"",""14.54M"",""0.82"""
"15.11.2019,""29.25"",""29.05"",""29.43"",""28.91"",""12.17M"",""1.25"""
"14.11.2019,""28.89"",""29.16"",""29.37"",""28.73"",""13.71M"",""-0.65"""
"13.11.2019,""29.08"",""29.04"",""29.30"",""28.93"",""9.32M"",""0.10"""
"12.11.2019,""29.05"",""29.36"",""29.50"",""28.93"",""15.14M"",""-0.99"""
"11.11.2019,""29.34"",""29.13"",""29.35"",""28.92"",""9.69M"",""0.45"""
"08.11.2019,""29.21"",""29.16"",""29.43"",""29.05"",""10.62M"",""0.55"""
"07.11.2019,""29.05"",""29.00"",""29.59"",""28.63"",""22.74M"",""-1.66"""
"06.11.2019,""29.54"",""29.85"",""29.90"",""29.40"",""15.31M"",""-0.91"""
"05.11.2019,""29.81"",""30.19"",""30.36"",""29.71"",""16.65M"",""-0.80"""
"04.11.2019,""30.05"",""29.77"",""30.15"",""29.61"",""20.34M"",""1.45"""
"01.11.2019,""29.62"",""29.96"",""30.26"",""29.41"",""22.72M"",""-1.17"""
"31.10.2019,""29.97"",""29.47"",""29.98"",""28.84"",""36.87M"",""0.37"""
"30.10.2019,""29.86"",""30.15"",""30.17"",""29.72"",""25.52M"",""0.03"""
"29.10.2019,""29.85"",""30.00"",""30.36"",""29.82"",""20.67M"",""-0.70"""
"28.10.2019,""30.06"",""30.50"",""30.66"",""29.75"",""29.89M"",""-0.79"""
"25.10.2019,""30.30"",""30.87"",""31.04"",""29.92"",""43.84M"",""-1.46"""
"24.10.2019,""30.75"",""31.86"",""32.39"",""30.51"",""106.27M"",""-20.81"""
"23.10.2019,""38.83"",""38.99"",""39.45"",""37.76"",""20.53M"",""0.05"""
"22.10.2019,""38.81"",""40.48"",""40.48"",""38.78"",""13.08M"",""-3.19"""
"21.10.2019,""40.09"",""39.35"",""40.29"",""39.31"",""9.57M"",""2.82"""
"18.10.2019,""38.99"",""39.69"",""39.91"",""38.27"",""12.59M"",""-1.57"""
"17.10.2019,""39.61"",""40.12"",""40.15"",""39.41"",""7.19M"",""-0.75"""
"16.10.2019,""39.91"",""40.01"",""40.46"",""39.59"",""8.41M"",""-0.92"""
"15.10.2019,""40.28"",""39.56"",""40.40"",""39.35"",""7.75M"",""1.26"""
"14.10.2019,""39.78"",""40.32"",""40.47"",""39.47"",""6.46M"",""-1.44"""
"11.10.2019,""40.36"",""39.89"",""40.70"",""39.80"",""9.28M"",""2.07"""
"10.10.2019,""39.54"",""39.34"",""39.89"",""39.26"",""6.83M"",""0.10"""
"09.10.2019,""39.50"",""39.99"",""40.10"",""39.22"",""8.08M"",""-0.50"""
"08.10.2019,""39.70"",""40.41"",""40.48"",""39.67"",""8.00M"",""-2.70"""
"07.10.2019,""40.80"",""40.24"",""40.87"",""40.06"",""6.61M"",""1.09"""
"04.10.2019,""40.36"",""40.36"",""40.59"",""39.83"",""6.32M"",""0.90"""
"03.10.2019,""40.00"",""39.59"",""40.16"",""38.61"",""13.66M"",""0.76"""
"02.10.2019,""39.70"",""40.12"",""40.12"",""39.25"",""10.18M"",""-1.37"""
"01.10.2019,""40.25"",""41.32"",""41.57"",""40.03"",""9.47M"",""-2.31"""
"30.09.2019,""41.20"",""41.46"",""41.48"",""40.81"",""8.12M"",""-0.36"""
"27.09.2019,""41.35"",""42.50"",""42.67"",""40.61"",""11.94M"",""-2.57"""
"26.09.2019,""42.44"",""42.38"",""42.49"",""41.72"",""6.00M"",""-0.14"""
"25.09.2019,""42.50"",""41.51"",""42.78"",""41.18"",""9.83M"",""2.61"""
"24.09.2019,""41.42"",""43.71"",""43.75"",""41.06"",""16.37M"",""-4.52"""
"23.09.2019,""43.38"",""43.29"",""44.09"",""42.85"",""10.02M"",""0.35"""
"20.09.2019,""43.23"",""43.16"",""43.84"",""42.94"",""19.43M"",""0.70"""
"19.09.2019,""42.93"",""43.19"",""43.58"",""42.68"",""7.42M"",""-0.72"""
"18.09.2019,""43.24"",""43.21"",""43.41"",""42.39"",""7.87M"",""0.00"""
"17.09.2019,""43.24"",""42.90"",""43.59"",""42.88"",""8.70M"",""1.12"""
"16.09.2019,""42.76"",""42.40"",""43.07"",""42.19"",""6.19M"",""0.30"""
"13.09.2019,""42.63"",""43.15"",""43.20"",""42.33"",""8.06M"",""-1.32"""
"12.09.2019,""43.20"",""43.76"",""44.11"",""43.11"",""8.25M"",""-0.12"""
"11.09.2019,""43.25"",""43.55"",""43.78"",""43.05"",""7.86M"",""0.00"""
"10.09.2019,""43.25"",""43.90"",""43.95"",""42.51"",""14.04M"",""-2.28"""
"09.09.2019,""44.26"",""45.60"",""45.85"",""43.84"",""14.55M"",""-2.55"""
"06.09.2019,""45.42"",""45.22"",""45.68"",""44.56"",""13.11M"",""0.26"""
"05.09.2019,""45.30"",""43.78"",""45.33"",""43.62"",""19.36M"",""4.47"""
"04.09.2019,""43.36"",""42.49"",""43.40"",""42.11"",""11.59M"",""3.34"""
"03.09.2019,""41.96"",""42.38"",""43.77"",""41.64"",""16.18M"",""-1.62"""
"30.08.2019,""42.65"",""42.70"",""42.70"",""41.90"",""8.87M"",""0.38"""
"29.08.2019,""42.49"",""42.25"",""42.65"",""41.82"",""10.61M"",""1.94"""
"28.08.2019,""41.68"",""41.75"",""42.20"",""41.30"",""10.43M"",""-1.09"""
"27.08.2019,""42.14"",""42.01"",""42.69"",""41.53"",""16.10M"",""1.69"""
"26.08.2019,""41.44"",""41.40"",""41.48"",""41.00"",""6.40M"",""1.07"""
"23.08.2019,""41.00"",""41.82"",""42.69"",""40.81"",""14.07M"",""-2.80"""
"22.08.2019,""42.18"",""42.85"",""43.08"",""41.59"",""8.28M"",""-1.45"""
"21.08.2019,""42.80"",""42.83"",""43.28"",""42.36"",""12.03M"",""1.21"""
"20.08.2019,""42.29"",""41.64"",""42.85"",""41.38"",""11.36M"",""1.41"""
"19.08.2019,""41.70"",""41.10"",""41.88"",""41.05"",""10.28M"",""2.76"""
"16.08.2019,""40.58"",""40.30"",""40.65"",""40.11"",""8.00M"",""1.22"""
"15.08.2019,""40.09"",""40.90"",""41.05"",""39.77"",""12.58M"",""-1.38"""
"14.08.2019,""40.65"",""41.03"",""41.25"",""40.39"",""11.64M"",""-2.77"""
"13.08.2019,""41.81"",""40.41"",""41.86"",""40.38"",""12.57M"",""3.29"""
"12.08.2019,""40.48"",""41.10"",""41.48"",""40.39"",""6.93M"",""-2.53"""
"09.08.2019,""41.53"",""41.78"",""41.97"",""40.94"",""11.42M"",""-1.28"""
"08.08.2019,""42.07"",""42.11"",""42.35"",""41.36"",""14.68M"",""0.81"""
"07.08.2019,""41.73"",""40.51"",""41.90"",""40.33"",""15.43M"",""0.99"""
"06.08.2019,""41.32"",""40.92"",""41.64"",""40.78"",""15.08M"",""2.35"""
"05.08.2019,""40.37"",""41.58"",""42.00"",""39.62"",""23.08M"",""-5.79"""
"02.08.2019,""42.85"",""41.82"",""43.04"",""41.59"",""20.62M"",""1.83"""
"01.08.2019,""42.08"",""42.54"",""43.48"",""41.72"",""22.88M"",""-0.54"""
"31.07.2019,""42.31"",""41.08"",""43.24"",""41.01"",""29.75M"",""3.20"""
"30.07.2019,""41.00"",""41.08"",""41.72"",""40.82"",""15.67M"",""-1.20"""
"29.07.2019,""41.50"",""41.50"",""42.22"",""40.90"",""21.17M"",""-0.05"""
"26.07.2019,""41.52"",""40.07"",""42.33"",""40.00"",""57.53M"",""8.92"""
"25.07.2019,""38.12"",""39.00"",""39.23"",""37.91"",""21.26M"",""-1.58"""
"24.07.2019,""38.73"",""38.00"",""38.80"",""37.76"",""12.49M"",""2.19"""
"23.07.2019,""37.90"",""37.87"",""38.02"",""36.82"",""10.74M"",""0.85"""
"22.07.2019,""37.58"",""36.92"",""37.69"",""36.83"",""8.42M"",""2.20"""
"19.07.2019,""36.77"",""37.96"",""38.09"",""36.73"",""10.84M"",""-2.36"""
"18.07.2019,""37.66"",""37.39"",""37.80"",""37.00"",""11.13M"",""-0.11"""
"17.07.2019,""37.70"",""37.86"",""38.23"",""37.56"",""7.93M"",""-0.76"""
"16.07.2019,""37.99"",""38.78"",""38.79"",""37.82"",""10.98M"",""-1.78"""
"15.07.2019,""38.68"",""38.00"",""38.97"",""37.94"",""12.74M"",""2.22"""
"12.07.2019,""37.84"",""37.37"",""37.90"",""37.17"",""8.05M"",""1.69"""
"11.07.2019,""37.21"",""37.66"",""37.87"",""36.97"",""8.55M"",""-0.69"""
"10.07.2019,""37.47"",""37.90"",""38.03"",""36.88"",""11.83M"",""-0.48"""
"09.07.2019,""37.65"",""36.35"",""37.67"",""36.29"",""14.22M"",""3.29"""
"08.07.2019,""36.45"",""36.04"",""36.64"",""35.87"",""8.06M"",""0.55"""
"05.07.2019,""36.25"",""36.00"",""36.35"",""35.60"",""6.08M"",""0.64"""
"03.07.2019,""36.02"",""36.29"",""36.39"",""35.94"",""5.37M"",""-0.55"""
"02.07.2019,""36.22"",""36.17"",""36.60"",""35.88"",""8.40M"",""0.39"""
"01.07.2019,""36.08"",""35.50"",""36.25"",""35.22"",""14.42M"",""3.38"""
"28.06.2019,""34.90"",""34.75"",""34.99"",""34.28"",""15.51M"",""0.43"""
"27.06.2019,""34.75"",""35.44"",""35.64"",""34.61"",""12.66M"",""-1.33"""
"26.06.2019,""35.22"",""34.98"",""35.38"",""34.92"",""8.74M"",""1.44"""
"25.06.2019,""34.72"",""35.52"",""35.73"",""34.57"",""11.20M"",""-2.42"""
"24.06.2019,""35.58"",""35.19"",""35.67"",""34.82"",""9.22M"",""1.60"""
"21.06.2019,""35.02"",""35.50"",""35.75"",""34.99"",""12.85M"",""-1.19"""
"20.06.2019,""35.44"",""36.35"",""36.65"",""35.33"",""19.68M"",""-2.34"""
"19.06.2019,""36.29"",""36.63"",""36.68"",""35.81"",""12.06M"",""-0.98"""
"18.06.2019,""36.65"",""36.71"",""37.51"",""36.55"",""12.71M"",""0.58"""
"17.06.2019,""36.44"",""36.26"",""36.68"",""36.11"",""7.90M"",""0.80"""
"14.06.2019,""36.15"",""36.36"",""36.49"",""36.04"",""7.79M"",""-0.52"""
"13.06.2019,""36.34"",""37.04"",""37.04"",""35.76"",""21.68M"",""-3.07"""
"12.06.2019,""37.49"",""37.13"",""37.62"",""37.05"",""6.80M"",""0.75"""
"11.06.2019,""37.21"",""38.09"",""38.26"",""36.85"",""9.53M"",""-1.14"""
"10.06.2019,""37.64"",""38.35"",""38.64"",""37.62"",""10.04M"",""-0.76"""
"07.06.2019,""37.93"",""36.87"",""38.31"",""36.80"",""15.40M"",""3.66"""
"06.06.2019,""36.59"",""36.26"",""36.75"",""35.96"",""8.86M"",""0.72"""
"05.06.2019,""36.33"",""36.50"",""36.71"",""35.95"",""12.80M"",""0.64"""
"04.06.2019,""36.10"",""35.18"",""36.15"",""34.97"",""15.36M"",""4.85"""
"03.06.2019,""34.43"",""36.45"",""36.90"",""34.04"",""22.22M"",""-5.52"""
"31.05.2019,""36.44"",""36.62"",""36.96"",""36.30"",""8.56M"",""-1.88"""
"30.05.2019,""37.14"",""37.00"",""37.29"",""36.60"",""7.41M"",""0.79"""
"29.05.2019,""36.85"",""37.02"",""37.40"",""36.52"",""12.27M"",""-1.18"""
"28.05.2019,""37.29"",""37.41"",""38.04"",""37.23"",""11.77M"",""-0.32"""
"24.05.2019,""37.41"",""37.47"",""37.85"",""37.27"",""9.30M"",""0.59"""
"23.05.2019,""37.19"",""38.15"",""38.29"",""36.80"",""18.40M"",""-3.60"""
"22.05.2019,""38.58"",""37.41"",""39.32"",""37.24"",""21.11M"",""2.96"""
"21.05.2019,""37.47"",""37.47"",""37.86"",""37.33"",""8.86M"",""0.86"""
"20.05.2019,""37.15"",""37.12"",""37.73"",""36.92"",""9.41M"",""-0.93"""
"17.05.2019,""37.50"",""37.83"",""38.12"",""37.47"",""9.09M"",""-2.09"""
"16.05.2019,""38.30"",""38.11"",""38.72"",""38.05"",""10.10M"",""1.06"""
"15.05.2019,""37.90"",""36.67"",""38.14"",""36.64"",""11.52M"",""2.63"""
"14.05.2019,""36.93"",""37.04"",""37.52"",""36.60"",""11.13M"",""0.93"""
"13.05.2019,""36.59"",""37.50"",""37.64"",""36.37"",""16.83M"",""-4.84"""
"10.05.2019,""38.45"",""38.68"",""39.16"",""37.86"",""12.26M"",""-0.88"""
"09.05.2019,""38.79"",""38.11"",""39.02"",""37.82"",""10.01M"",""0.54"""
"08.05.2019,""38.58"",""38.45"",""39.15"",""38.33"",""9.17M"",""-0.10"""
"07.05.2019,""38.62"",""39.90"",""40.15"",""38.12"",""19.28M"",""-4.00"""
"06.05.2019,""40.23"",""39.69"",""40.44"",""39.45"",""14.52M"",""-1.40"""
"03.05.2019,""40.80"",""40.48"",""40.82"",""39.96"",""15.58M"",""2.13"""
"02.05.2019,""39.95"",""39.24"",""40.00"",""38.84"",""13.42M"",""1.68"""
"01.05.2019,""39.29"",""40.00"",""40.07"",""39.26"",""14.96M"",""-1.55"""
"30.04.2019,""39.91"",""39.79"",""40.92"",""39.65"",""22.91M"",""0.33"""
"29.04.2019,""39.78"",""38.63"",""39.97"",""38.63"",""19.68M"",""2.87"""
"26.04.2019,""38.67"",""38.59"",""39.34"",""38.18"",""15.27M"",""0.49"""
"25.04.2019,""38.48"",""39.26"",""40.13"",""38.19"",""26.04M"",""-2.06"""
"24.04.2019,""39.29"",""39.86"",""39.95"",""38.80"",""30.27M"",""-1.21"""
"23.04.2019,""39.77"",""36.93"",""40.53"",""36.91"",""104.26M"",""15.64"""
"22.04.2019,""34.39"",""34.40"",""34.62"",""33.82"",""19.70M"",""-0.03"""
"18.04.2019,""34.40"",""34.67"",""34.86"",""34.32"",""9.81M"",""-0.23"""
"17.04.2019,""34.48"",""34.73"",""34.90"",""34.20"",""9.02M"",""0.06"""
"16.04.2019,""34.46"",""34.84"",""34.99"",""34.23"",""9.40M"",""-0.72"""
"15.04.2019,""34.71"",""34.38"",""35.03"",""34.34"",""10.25M"",""0.99"""
"12.04.2019,""34.37"",""34.67"",""34.83"",""34.11"",""12.71M"",""-0.61"""
"11.04.2019,""34.58"",""34.75"",""34.87"",""34.41"",""10.98M"",""-0.49"""
"10.04.2019,""34.75"",""35.26"",""35.27"",""34.51"",""11.65M"",""-1.11"""
"09.04.2019,""35.14"",""34.84"",""35.39"",""34.81"",""13.89M"",""0.80"""
"08.04.2019,""34.86"",""34.79"",""35.06"",""34.51"",""10.66M"",""0.40"""
"05.04.2019,""34.72"",""34.55"",""34.80"",""34.37"",""9.57M"",""0.87"""
"04.04.2019,""34.42"",""34.70"",""35.14"",""33.90"",""14.60M"",""0.12"""
"03.04.2019,""34.38"",""34.00"",""34.76"",""33.81"",""18.04M"",""1.87"""
"02.04.2019,""33.75"",""33.44"",""33.89"",""33.23"",""11.64M"",""0.93"""
"01.04.2019,""33.44"",""33.16"",""33.68"",""32.70"",""12.50M"",""1.70"""
"29.03.2019,""32.88"",""33.10"",""33.24"",""32.47"",""13.53M"",""0.03"""
"28.03.2019,""32.87"",""32.29"",""32.93"",""31.73"",""17.75M"",""1.83"""
"27.03.2019,""32.28"",""32.93"",""33.45"",""31.95"",""13.67M"",""-2.36"""
"26.03.2019,""33.06"",""32.98"",""33.86"",""32.92"",""17.25M"",""1.44"""
"25.03.2019,""32.59"",""32.83"",""33.30"",""32.28"",""15.27M"",""-1.30"""
"22.03.2019,""33.02"",""32.50"",""34.21"",""32.34"",""28.03M"",""1.26"""
"21.03.2019,""32.61"",""32.31"",""32.69"",""32.03"",""13.35M"",""0.12"""
"20.03.2019,""32.57"",""31.24"",""32.65"",""31.16"",""22.37M"",""4.16"""
"19.03.2019,""31.27"",""31.15"",""31.50"",""30.88"",""15.56M"",""0.61"""
"18.03.2019,""31.08"",""31.25"",""31.58"",""30.84"",""13.17M"",""-0.45"""
"15.03.2019,""31.22"",""31.04"",""31.41"",""30.71"",""17.52M"",""0.61"""
"14.03.2019,""31.03"",""31.28"",""31.55"",""30.94"",""12.09M"",""-0.86"""
"13.03.2019,""31.30"",""31.31"",""31.48"",""31.04"",""10.20M"",""0.45"""
"12.03.2019,""31.16"",""31.15"",""31.41"",""30.89"",""12.32M"",""0.94"""
"11.03.2019,""30.87"",""30.24"",""30.91"",""30.24"",""16.01M"",""2.76"""
"08.03.2019,""30.04"",""29.64"",""30.21"",""29.41"",""11.96M"",""-0.27"""
"07.03.2019,""30.12"",""30.76"",""30.84"",""30.01"",""15.78M"",""-2.21"""
"06.03.2019,""30.80"",""30.94"",""31.34"",""30.59"",""10.94M"",""-0.74"""
"05.03.2019,""31.03"",""30.50"",""31.23"",""30.39"",""13.07M"",""1.74"""
"04.03.2019,""30.50"",""30.78"",""31.26"",""30.07"",""15.92M"",""-0.39"""
"01.03.2019,""30.62"",""31.17"",""31.19"",""30.28"",""12.36M"",""-0.52"""
"28.02.2019,""30.78"",""30.25"",""30.79"",""30.01"",""15.24M"",""1.22"""
"27.02.2019,""30.41"",""30.95"",""31.00"",""29.90"",""24.64M"",""-1.93"""
"26.02.2019,""31.01"",""31.89"",""31.96"",""30.99"",""17.52M"",""-3.06"""
"25.02.2019,""31.99"",""31.99"",""32.71"",""31.88"",""15.06M"",""0.88"""
"22.02.2019,""31.71"",""30.81"",""31.73"",""30.81"",""15.41M"",""3.09"""
"21.02.2019,""30.76"",""31.36"",""31.48"",""30.60"",""13.94M"",""-1.94"""
"20.02.2019,""31.37"",""31.71"",""31.93"",""31.21"",""16.87M"",""-0.88"""
"19.02.2019,""31.65"",""31.23"",""32.11"",""31.15"",""14.39M"",""1.34"""
"15.02.2019,""31.23"",""31.20"",""31.80"",""30.97"",""17.59M"",""0.87"""
"14.02.2019,""30.96"",""30.86"",""31.28"",""30.60"",""15.32M"",""-0.51"""
"13.02.2019,""31.12"",""30.57"",""31.84"",""30.55"",""29.68M"",""2.40"""
"12.02.2019,""30.39"",""30.44"",""30.80"",""30.23"",""20.32M"",""0.53"""
"11.02.2019,""30.23"",""30.17"",""30.44"",""29.66"",""28.84M"",""0.73"""
"08.02.2019,""30.01"",""30.47"",""30.74"",""29.42"",""40.67M"",""-2.56"""
"07.02.2019,""30.80"",""31.17"",""31.73"",""30.31"",""69.76M"",""-9.84"""
"06.02.2019,""34.16"",""35.05"",""35.25"",""33.75"",""34.06M"",""-0.61"""
"05.02.2019,""34.37"",""34.29"",""34.57"",""33.92"",""17.61M"",""1.27"""
"04.02.2019,""33.94"",""33.34"",""34.18"",""33.24"",""14.24M"",""2.26"""
"01.02.2019,""33.19"",""33.56"",""34.09"",""32.96"",""18.82M"",""-1.10"""
"31.01.2019,""33.56"",""33.07"",""33.69"",""32.79"",""21.21M"",""4.03"""
"30.01.2019,""32.26"",""32.04"",""32.38"",""31.42"",""17.14M"",""1.96"""
"29.01.2019,""31.64"",""33.33"",""33.55"",""31.46"",""18.85M"",""-4.50"""
"28.01.2019,""33.13"",""32.65"",""33.20"",""32.12"",""21.75M"",""0.70"""
"25.01.2019,""32.90"",""31.99"",""33.62"",""31.98"",""22.52M"",""4.08"""
"24.01.2019,""31.61"",""30.94"",""31.73"",""30.91"",""12.47M"",""2.07"""
"23.01.2019,""30.97"",""32.26"",""32.45"",""30.72"",""21.08M"",""-3.97"""
"22.01.2019,""32.25"",""32.97"",""33.35"",""31.93"",""17.78M"",""-3.07"""
"18.01.2019,""33.27"",""33.05"",""33.89"",""32.77"",""16.78M"",""1.28"""
"17.01.2019,""32.85"",""32.47"",""33.09"",""32.39"",""12.06M"",""1.17"""
"16.01.2019,""32.47"",""33.10"",""33.30"",""32.44"",""10.13M"",""-1.67"""
"15.01.2019,""33.02"",""32.51"",""33.35"",""32.45"",""13.55M"",""2.01"""
"14.01.2019,""32.37"",""32.38"",""32.75"",""32.12"",""9.52M"",""-1.52"""
"11.01.2019,""32.87"",""32.85"",""33.20"",""32.43"",""17.73M"",""-0.66"""
"10.01.2019,""33.09"",""33.08"",""33.50"",""32.26"",""30.50M"",""2.60"""
"09.01.2019,""32.25"",""31.80"",""32.40"",""31.54"",""14.55M"",""1.42"""
"08.01.2019,""31.80"",""31.70"",""32.05"",""30.91"",""18.92M"",""1.47"""
"07.01.2019,""31.34"",""30.20"",""31.38"",""29.77"",""19.92M"",""4.64"""
"04.01.2019,""29.95"",""28.39"",""30.10"",""28.31"",""23.41M"",""7.00"""
"03.01.2019,""27.99"",""28.38"",""29.18"",""27.94"",""19.05M"",""-2.85"""
"02.01.2019,""28.81"",""28.26"",""28.99"",""27.87"",""15.05M"",""0.24"""
"31.12.2018,""28.74"",""28.60"",""29.13"",""28.34"",""15.98M"",""1.09"""
"28.12.2018,""28.43"",""28.93"",""29.14"",""27.84"",""21.82M"",""-0.87"""
"27.12.2018,""28.68"",""28.14"",""28.92"",""27.26"",""31.99M"",""0.07"""
"26.12.2018,""28.66"",""27.00"",""28.70"",""26.80"",""35.53M"",""8.36"""
"24.12.2018,""26.45"",""26.55"",""27.27"",""26.26"",""18.21M"",""-3.15"""
"21.12.2018,""27.31"",""29.31"",""29.76"",""27.04"",""38.71M"",""-6.76"""
"20.12.2018,""29.29"",""32.59"",""32.72"",""28.51"",""51.98M"",""-11.05"""
"19.12.2018,""32.93"",""33.71"",""34.70"",""32.66"",""24.78M"",""-2.40"""
"18.12.2018,""33.74"",""33.63"",""34.17"",""33.08"",""18.89M"",""0.93"""
"17.12.2018,""33.43"",""35.68"",""35.70"",""33.20"",""23.88M"",""-6.80"""
"14.12.2018,""35.87"",""35.25"",""36.62"",""35.05"",""19.53M"",""-0.06"""
"13.12.2018,""35.89"",""36.40"",""36.49"",""35.30"",""22.83M"",""-0.99"""
"12.12.2018,""36.25"",""34.97"",""37.13"",""34.85"",""32.61M"",""5.22"""
"11.12.2018,""34.45"",""34.13"",""35.75"",""33.88"",""30.12M"",""3.05"""
"10.12.2018,""33.43"",""32.73"",""33.64"",""32.26"",""19.97M"",""1.83"""
"07.12.2018,""32.83"",""32.84"",""34.37"",""32.67"",""29.50M"",""-0.39"""
"06.12.2018,""32.96"",""32.46"",""32.97"",""31.11"",""25.92M"",""1.23"""
"04.12.2018,""32.56"",""33.28"",""34.16"",""32.50"",""22.47M"",""-3.27"""
"03.12.2018,""33.66"",""32.24"",""33.85"",""32.21"",""24.02M"",""7.03"""
"30.11.2018,""31.45"",""31.15"",""31.55"",""30.11"",""25.83M"",""0.48"""
"29.11.2018,""31.30"",""32.46"",""32.54"",""29.87"",""50.51M"",""-4.37"""
"28.11.2018,""32.73"",""33.00"",""33.00"",""31.72"",""19.07M"",""0.37"""
"27.11.2018,""32.61"",""32.44"",""33.10"",""32.36"",""10.73M"",""-0.64"""
"26.11.2018,""32.82"",""31.60"",""32.87"",""31.52"",""17.10M"",""5.46"""
"23.11.2018,""31.12"",""31.30"",""31.96"",""31.11"",""5.81M"",""-1.55"""
"21.11.2018,""31.61"",""31.67"",""32.08"",""31.10"",""16.47M"",""1.77"""
"20.11.2018,""31.06"",""29.97"",""31.73"",""29.94"",""20.93M"",""-2.88"""
"19.11.2018,""31.98"",""33.56"",""33.60"",""31.84"",""15.75M"",""-5.02"""
"16.11.2018,""33.67"",""32.83"",""33.92"",""32.60"",""17.90M"",""1.57"""
"15.11.2018,""33.15"",""32.79"",""33.36"",""32.62"",""16.82M"",""0.73"""
"14.11.2018,""32.91"",""32.89"",""33.85"",""32.75"",""19.45M"",""1.29"""
"13.11.2018,""32.49"",""32.24"",""32.85"",""31.47"",""17.21M"",""1.50"""
"12.11.2018,""32.01"",""34.00"",""34.10"",""31.78"",""18.15M"",""-6.07"""
"09.11.2018,""34.08"",""33.75"",""34.42"",""33.39"",""16.03M"",""-0.29"""
"08.11.2018,""34.18"",""34.88"",""34.99"",""33.87"",""15.15M"",""-2.31"""
"07.11.2018,""34.99"",""34.75"",""35.12"",""34.38"",""16.80M"",""1.66"""
"06.11.2018,""34.42"",""33.96"",""34.81"",""33.84"",""15.51M"",""1.18"""
"05.11.2018,""34.02"",""34.26"",""34.28"",""33.37"",""18.21M"",""-0.82"""
"02.11.2018,""34.30"",""34.87"",""35.35"",""33.85"",""23.99M"",""-0.92"""
"01.11.2018,""34.62"",""34.60"",""34.91"",""33.82"",""27.50M"",""-0.37"""
"31.10.2018,""34.75"",""34.37"",""35.64"",""34.35"",""33.06M"",""2.63"""
"30.10.2018,""33.86"",""31.77"",""34.55"",""31.30"",""43.68M"",""4.54"""
"29.10.2018,""32.39"",""32.46"",""33.75"",""31.62"",""40.90M"",""0.09"""
"26.10.2018,""32.36"",""31.20"",""33.14"",""30.94"",""47.75M"",""1.76"""
"25.10.2018,""31.80"",""31.32"",""33.67"",""30.76"",""79.25M"",""15.47"""
"24.10.2018,""27.54"",""28.85"",""29.77"",""27.30"",""37.91M"",""-4.28"""
"23.10.2018,""28.77"",""28.48"",""29.02"",""28.07"",""26.50M"",""-1.41"""
"22.10.2018,""29.18"",""29.05"",""29.28"",""28.31"",""21.72M"",""1.21"""
"19.10.2018,""28.83"",""29.33"",""29.79"",""28.68"",""20.11M"",""-1.57"""
"18.10.2018,""29.29"",""29.40"",""30.24"",""28.98"",""24.17M"",""-0.88"""
"17.10.2018,""29.55"",""29.95"",""30.14"",""28.96"",""19.38M"",""-1.07"""
"16.10.2018,""29.87"",""29.10"",""29.89"",""28.84"",""18.44M"",""4.40"""
"15.10.2018,""28.61"",""27.85"",""29.05"",""27.59"",""20.23M"",""2.22"""
"12.10.2018,""27.99"",""28.09"",""28.17"",""27.26"",""27.13M"",""3.67"""
"11.10.2018,""27.00"",""26.35"",""27.58"",""26.19"",""33.07M"",""0.78"""
"10.10.2018,""26.79"",""29.12"",""29.12"",""26.76"",""40.40M"",""-8.47"""
"09.10.2018,""29.27"",""28.70"",""29.57"",""28.34"",""22.76M"",""2.88"""
"08.10.2018,""28.45"",""28.21"",""28.94"",""27.72"",""22.11M"",""0.21"""
"05.10.2018,""28.39"",""28.34"",""28.96"",""27.97"",""29.00M"",""0.57"""
"04.10.2018,""28.23"",""28.75"",""28.76"",""27.87"",""21.12M"",""-2.69"""
"03.10.2018,""29.01"",""28.38"",""29.12"",""28.25"",""19.36M"",""2.91"""
"02.10.2018,""28.19"",""28.14"",""28.62"",""27.91"",""17.71M"",""-0.42"""
"01.10.2018,""28.31"",""28.51"",""28.70"",""28.00"",""20.54M"",""-0.53"""
"28.09.2018,""28.46"",""29.25"",""29.28"",""28.41"",""22.72M"",""-3.26"""
"27.09.2018,""29.42"",""29.06"",""29.69"",""28.88"",""14.83M"",""1.41"""
"26.09.2018,""29.01"",""29.20"",""29.45"",""28.80"",""12.74M"",""-0.34"""
"25.09.2018,""29.11"",""28.75"",""29.24"",""28.44"",""16.13M"",""1.78"""
"24.09.2018,""28.60"",""28.33"",""29.11"",""27.93"",""20.25M"",""0.35"""
"21.09.2018,""28.50"",""29.86"",""29.95"",""28.49"",""43.12M"",""-4.52"""
"20.09.2018,""29.85"",""29.70"",""30.02"",""29.24"",""15.38M"",""1.12"""
"19.09.2018,""29.52"",""29.15"",""29.56"",""28.82"",""16.02M"",""1.03"""
"18.09.2018,""29.22"",""28.84"",""29.63"",""28.75"",""15.86M"",""1.25"""
"17.09.2018,""28.86"",""29.05"",""29.28"",""28.43"",""30.59M"",""-4.18"""
"14.09.2018,""30.12"",""30.45"",""30.77"",""30.06"",""13.47M"",""-0.89"""
"13.09.2018,""30.39"",""30.10"",""30.57"",""29.86"",""18.52M"",""2.15"""
"12.09.2018,""29.75"",""30.61"",""30.83"",""29.25"",""29.85M"",""-3.69"""
"11.09.2018,""30.89"",""30.44"",""31.44"",""30.35"",""16.00M"",""1.15"""
"10.09.2018,""30.54"",""30.50"",""30.60"",""29.95"",""17.81M"",""0.16"""
"07.09.2018,""30.49"",""30.31"",""31.39"",""29.82"",""31.48M"",""-1.04"""
"06.09.2018,""30.81"",""32.86"",""32.95"",""30.62"",""36.02M"",""-5.87"""
"05.09.2018,""32.73"",""34.65"",""34.70"",""32.51"",""36.05M"",""-6.06"""
"04.09.2018,""34.84"",""34.75"",""35.12"",""34.48"",""13.57M"",""-0.97"""
"31.08.2018,""35.18"",""35.57"",""35.72"",""34.59"",""19.07M"",""-1.29"""
"30.08.2018,""35.64"",""35.27"",""36.15"",""35.21"",""19.22M"",""0.82"""
"29.08.2018,""35.35"",""35.41"",""35.60"",""34.81"",""17.73M"",""-0.39"""
"28.08.2018,""35.49"",""35.98"",""36.04"",""34.89"",""22.28M"",""-1.11"""
"27.08.2018,""35.89"",""34.66"",""36.00"",""34.48"",""28.31M"",""4.70"""
"24.08.2018,""34.28"",""34.00"",""34.49"",""33.93"",""15.21M"",""1.18"""
"23.08.2018,""33.88"",""33.90"",""34.74"",""33.72"",""25.75M"",""0.21"""
"22.08.2018,""33.81"",""33.45"",""34.17"",""33.35"",""18.58M"",""0.36"""
"21.08.2018,""33.69"",""32.75"",""34.14"",""32.60"",""29.58M"",""3.34"""
"20.08.2018,""32.60"",""32.79"",""32.94"",""32.20"",""16.54M"",""-0.40"""
"17.08.2018,""32.73"",""32.74"",""33.09"",""32.34"",""14.87M"",""-0.30"""
"16.08.2018,""32.83"",""32.70"",""33.15"",""32.41"",""20.87M"",""1.39"""
"15.08.2018,""32.38"",""32.81"",""33.23"",""31.95"",""26.43M"",""-2.44"""
"14.08.2018,""33.19"",""33.40"",""33.43"",""32.52"",""26.44M"",""1.19"""
"13.08.2018,""32.80"",""32.04"",""33.62"",""32.02"",""44.24M"",""2.47"""
"10.08.2018,""32.01"",""31.65"",""32.25"",""31.47"",""16.07M"",""0.16"""
"09.08.2018,""31.96"",""31.85"",""32.38"",""31.61"",""17.66M"",""0.38"""
"08.08.2018,""31.84"",""32.75"",""32.78"",""31.81"",""22.54M"",""-2.54"""
"07.08.2018,""32.67"",""33.10"",""33.61"",""32.55"",""24.64M"",""-0.94"""
"06.08.2018,""32.98"",""31.82"",""33.04"",""31.45"",""27.51M"",""3.19"""
"03.08.2018,""31.96"",""32.58"",""32.99"",""31.80"",""26.32M"",""-2.62"""
"02.08.2018,""32.82"",""31.58"",""32.87"",""31.34"",""27.09M"",""2.85"""
"01.08.2018,""31.91"",""32.25"",""32.59"",""31.46"",""33.23M"",""0.13"""
"31.07.2018,""31.87"",""31.95"",""32.48"",""31.07"",""64.39M"",""1.56"""
"30.07.2018,""31.38"",""34.17"",""34.26"",""31.07"",""77.85M"",""-8.03"""
"27.07.2018,""34.12"",""37.25"",""37.47"",""33.90"",""122.86M"",""-20.54"""
"26.07.2018,""42.94"",""42.87"",""43.41"",""42.14"",""30.02M"",""-2.89"""
"25.07.2018,""44.22"",""42.35"",""44.39"",""42.35"",""25.21M"",""4.86"""
"24.07.2018,""42.17"",""43.77"",""43.80"",""41.59"",""22.43M"",""-2.63"""
"23.07.2018,""43.31"",""43.45"",""43.85"",""42.40"",""15.25M"",""-0.25"""
"20.07.2018,""43.42"",""43.50"",""44.13"",""43.23"",""10.45M"",""-0.05"""
"19.07.2018,""43.44"",""43.27"",""43.87"",""43.11"",""13.37M"",""0.23"""
"18.07.2018,""43.34"",""44.19"",""44.75"",""42.74"",""26.54M"",""-3.06"""
"17.07.2018,""44.71"",""43.59"",""45.26"",""43.15"",""20.12M"",""1.02"""
"16.07.2018,""44.26"",""44.30"",""44.73"",""43.91"",""13.01M"",""-0.52"""
"13.07.2018,""44.49"",""45.28"",""45.32"",""43.93"",""16.45M"",""-1.70"""
"12.07.2018,""45.26"",""44.80"",""45.34"",""44.36"",""27.08M"",""3.17"""
"11.07.2018,""43.87"",""42.63"",""44.10"",""42.22"",""35.10M"",""0.27"""
"10.07.2018,""43.75"",""44.20"",""45.26"",""43.63"",""38.47M"",""-0.88"""
"09.07.2018,""44.14"",""46.74"",""46.90"",""42.08"",""107.58M"",""-5.38"""
"06.07.2018,""46.65"",""44.91"",""46.75"",""44.61"",""23.74M"",""3.53"""
"05.07.2018,""45.06"",""44.07"",""45.11"",""43.55"",""16.17M"",""2.67"""
"03.07.2018,""43.89"",""45.36"",""45.48"",""43.80"",""14.24M"",""-2.42"""
"02.07.2018,""44.98"",""43.06"",""45.00"",""42.75"",""16.70M"",""3.00"""
"29.06.2018,""43.67"",""45.05"",""45.20"",""43.56"",""24.39M"",""-2.50"""
"28.06.2018,""44.79"",""43.65"",""44.84"",""42.49"",""18.91M"",""2.49"""
"27.06.2018,""43.70"",""45.50"",""46.22"",""43.68"",""25.88M"",""-2.54"""
"26.06.2018,""44.84"",""44.36"",""45.32"",""43.51"",""20.19M"",""1.52"""
"25.06.2018,""44.17"",""45.47"",""45.52"",""43.33"",""31.38M"",""-3.73"""
"22.06.2018,""45.88"",""45.58"",""46.01"",""44.50"",""31.11M"",""1.41"""
"21.06.2018,""45.24"",""46.36"",""46.87"",""44.20"",""32.20M"",""-1.93"""
"20.06.2018,""46.13"",""45.56"",""46.92"",""45.44"",""31.23M"",""2.63"""
"19.06.2018,""44.95"",""45.19"",""45.71"",""43.57"",""39.25M"",""-2.28"""
"18.06.2018,""46.00"",""45.34"",""46.26"",""44.50"",""26.03M"",""0.44"""
"15.06.2018,""45.80"",""46.62"",""47.79"",""45.64"",""51.49M"",""-2.05"""
"14.06.2018,""46.76"",""44.55"",""46.80"",""44.50"",""50.95M"",""6.10"""
"13.06.2018,""44.07"",""44.24"",""44.55"",""43.42"",""35.17M"",""1.33"""
"12.06.2018,""43.49"",""42.47"",""44.33"",""42.41"",""51.15M"",""5.00"""
"11.06.2018,""41.42"",""41.42"",""41.69"",""40.66"",""24.61M"",""0.51"""
"08.06.2018,""41.21"",""39.49"",""41.26"",""39.42"",""34.54M"",""3.80"""
"07.06.2018,""39.70"",""40.14"",""40.16"",""38.64"",""41.57M"",""-1.00"""
"06.06.2018,""40.10"",""39.42"",""40.23"",""39.21"",""147.81M"",""0.75"""
"05.06.2018,""39.80"",""39.53"",""40.16"",""39.19"",""66.12M"",""5.07"""
"04.06.2018,""37.88"",""36.45"",""37.98"",""35.95"",""32.63M"",""3.36"""
"01.06.2018,""36.65"",""35.14"",""36.69"",""35.09"",""29.58M"",""5.62"""
"31.05.2018,""34.70"",""34.39"",""34.97"",""34.25"",""14.43M"",""0.99"""
"30.05.2018,""34.36"",""34.20"",""34.66"",""34.08"",""14.59M"",""0.94"""
"29.05.2018,""34.04"",""33.42"",""34.83"",""33.35"",""22.09M"",""1.22"""
"25.05.2018,""33.63"",""33.54"",""33.99"",""33.31"",""10.42M"",""0.33"""
"24.05.2018,""33.52"",""33.44"",""33.76"",""33.12"",""14.49M"",""0.30"""
"23.05.2018,""33.42"",""32.70"",""33.43"",""32.60"",""13.44M"",""1.70"""
"22.05.2018,""32.86"",""33.78"",""33.81"",""32.83"",""15.00M"",""-2.29"""
"21.05.2018,""33.63"",""33.02"",""34.02"",""32.90"",""21.33M"",""3.06"""
"18.05.2018,""32.63"",""32.55"",""32.97"",""32.21"",""10.62M"",""0.15"""
"17.05.2018,""32.58"",""32.78"",""33.02"",""32.28"",""10.76M"",""-0.58"""
"16.05.2018,""32.77"",""32.75"",""33.22"",""32.67"",""10.87M"",""0.06"""
"15.05.2018,""32.75"",""33.17"",""33.17"",""32.36"",""15.84M"",""-1.92"""
"14.05.2018,""33.39"",""33.07"",""33.58"",""32.93"",""18.01M"",""1.95"""
"11.05.2018,""32.75"",""32.94"",""33.10"",""32.25"",""14.48M"",""-0.37"""
"10.05.2018,""32.87"",""32.71"",""33.78"",""32.58"",""20.72M"",""1.26"""
"09.05.2018,""32.46"",""32.07"",""32.79"",""31.94"",""20.73M"",""1.92"""
"08.05.2018,""31.85"",""31.20"",""32.09"",""31.03"",""19.58M"",""1.66"""
"07.05.2018,""31.33"",""31.06"",""31.84"",""30.88"",""18.52M"",""0.93"""
"04.05.2018,""31.04"",""30.22"",""31.36"",""29.85"",""21.04M"",""1.21"""
"03.05.2018,""30.67"",""30.21"",""31.02"",""29.97"",""19.81M"",""0.39"""
"02.05.2018,""30.55"",""30.00"",""31.22"",""29.95"",""22.48M"",""0.83"""
"01.05.2018,""30.30"",""30.21"",""31.06"",""29.60"",""30.68M"",""-0.03"""
"30.04.2018,""30.31"",""28.62"",""30.75"",""28.43"",""41.76M"",""4.52"""
"27.04.2018,""29.00"",""30.17"",""30.32"",""28.59"",""37.42M"",""-4.20"""
"26.04.2018,""30.27"",""30.35"",""31.42"",""30.12"",""43.78M"",""1.75"""
"25.04.2018,""29.75"",""31.35"",""32.00"",""28.14"",""93.09M"",""-2.36"""
"24.04.2018,""30.47"",""31.18"",""31.64"",""29.63"",""41.27M"",""-2.40"""
"23.04.2018,""31.22"",""32.51"",""32.62"",""30.85"",""29.41M"",""-2.16"""
"20.04.2018,""31.91"",""32.65"",""33.12"",""31.65"",""34.82M"",""1.17"""
"19.04.2018,""31.54"",""31.37"",""32.28"",""30.96"",""22.64M"",""0.00"""
"18.04.2018,""31.54"",""31.67"",""32.06"",""31.07"",""25.14M"",""-0.94"""
"17.04.2018,""31.84"",""29.45"",""32.06"",""29.43"",""46.70M"",""11.41"""
"16.04.2018,""28.58"",""28.85"",""28.95"",""28.36"",""11.51M"",""-0.63"""
"13.04.2018,""28.76"",""29.24"",""29.46"",""28.43"",""12.71M"",""-0.83"""
"12.04.2018,""29.00"",""29.89"",""29.90"",""28.78"",""17.33M"",""-1.33"""
"11.04.2018,""29.39"",""29.46"",""29.83"",""28.73"",""25.29M"",""-0.47"""
"10.04.2018,""29.53"",""28.36"",""30.30"",""28.28"",""28.84M"",""5.43"""
"09.04.2018,""28.01"",""28.10"",""28.79"",""28.00"",""13.97M"",""-0.32"""
"06.04.2018,""28.10"",""28.28"",""29.06"",""27.97"",""15.32M"",""-1.89"""
"05.04.2018,""28.64"",""28.51"",""29.33"",""28.10"",""24.41M"",""1.38"""
"04.04.2018,""28.25"",""26.85"",""28.34"",""26.60"",""22.00M"",""2.58"""
"03.04.2018,""27.54"",""28.36"",""28.87"",""27.22"",""26.07M"",""-1.78"""
"02.04.2018,""28.04"",""28.37"",""28.77"",""27.75"",""24.35M"",""-3.34"""
"29.03.2018,""29.01"",""28.76"",""29.33"",""27.90"",""36.83M"",""1.97"""
"28.03.2018,""28.45"",""27.78"",""29.11"",""27.39"",""47.85M"",""1.35"""
"27.03.2018,""28.07"",""31.85"",""31.90"",""27.88"",""80.42M"",""-12.03"""
"26.03.2018,""31.91"",""31.69"",""32.47"",""30.70"",""25.55M"",""2.84"""
"23.03.2018,""31.03"",""31.26"",""32.00"",""30.79"",""24.88M"",""-0.54"""
"22.03.2018,""31.20"",""31.77"",""32.13"",""31.18"",""29.56M"",""-4.67"""
"21.03.2018,""32.73"",""32.19"",""33.15"",""32.05"",""43.67M"",""4.40"""
"20.03.2018,""31.35"",""34.92"",""34.95"",""30.61"",""82.94M"",""-10.38"""
"19.03.2018,""34.98"",""35.13"",""35.74"",""34.41"",""22.19M"",""-1.69"""
"16.03.2018,""35.58"",""36.00"",""36.20"",""35.52"",""13.83M"",""-0.61"""
"15.03.2018,""35.80"",""36.41"",""36.48"",""35.40"",""21.06M"",""-2.19"""
"14.03.2018,""36.60"",""34.30"",""36.80"",""34.09"",""41.63M"",""7.30"""
"13.03.2018,""34.11"",""35.40"",""35.53"",""33.90"",""22.10M"",""-3.92"""
"12.03.2018,""35.50"",""35.53"",""35.73"",""34.83"",""21.08M"",""0.42"""
"09.03.2018,""35.35"",""35.20"",""35.50"",""34.94"",""19.12M"",""1.43"""
"08.03.2018,""34.85"",""35.42"",""35.84"",""34.68"",""24.85M"",""-2.54"""
"07.03.2018,""35.76"",""33.99"",""35.82"",""33.99"",""33.66M"",""3.86"""
"06.03.2018,""34.43"",""34.58"",""34.95"",""33.86"",""22.64M"",""-0.43"""
"05.03.2018,""34.58"",""32.90"",""34.95"",""32.58"",""34.84M"",""4.79"""
"02.03.2018,""33.00"",""31.93"",""33.03"",""31.49"",""24.92M"",""2.36"""
"01.03.2018,""32.24"",""31.95"",""32.56"",""31.26"",""25.03M"",""1.19"""
"28.02.2018,""31.86"",""31.50"",""32.85"",""31.47"",""24.18M"",""1.72"""
"27.02.2018,""31.32"",""31.91"",""32.21"",""31.26"",""16.54M"",""-2.61"""
"26.02.2018,""32.16"",""32.70"",""32.70"",""31.96"",""15.77M"",""-1.53"""
"23.02.2018,""32.66"",""32.20"",""32.69"",""31.97"",""17.28M"",""1.71"""
"22.02.2018,""32.11"",""33.43"",""33.45"",""31.63"",""29.18M"",""-3.80"""
"21.02.2018,""33.38"",""33.03"",""34.05"",""32.65"",""29.59M"",""1.64"""
"20.02.2018,""32.84"",""32.88"",""33.57"",""32.68"",""22.77M"",""-0.67"""
"16.02.2018,""33.06"",""33.37"",""33.50"",""32.68"",""27.90M"",""-1.64"""
"15.02.2018,""33.61"",""34.03"",""34.38"",""33.06"",""32.02M"",""-0.41"""
"14.02.2018,""33.75"",""32.85"",""33.98"",""32.55"",""39.34M"",""0.93"""
"13.02.2018,""33.44"",""30.67"",""33.65"",""30.64"",""57.65M"",""8.05"""
"12.02.2018,""30.95"",""31.44"",""31.90"",""30.86"",""37.00M"",""-1.78"""
"09.02.2018,""31.51"",""30.37"",""31.80"",""29.68"",""67.18M"",""4.41"""
"08.02.2018,""30.18"",""34.15"",""35.00"",""29.71"",""162.43M"",""12.15"""
"07.02.2018,""26.91"",""25.83"",""27.08"",""25.76"",""48.91M"",""6.62"""
"06.02.2018,""25.24"",""24.59"",""25.58"",""24.20"",""26.65M"",""0.44"""
"05.02.2018,""25.13"",""25.37"",""26.64"",""24.10"",""33.92M"",""-3.05"""
"02.02.2018,""25.92"",""26.56"",""27.03"",""25.70"",""32.49M"",""-4.50"""
"01.02.2018,""27.14"",""25.52"",""27.33"",""25.44"",""47.58M"",""5.15"""
"31.01.2018,""25.81"",""25.61"",""26.65"",""25.14"",""40.45M"",""0.74"""
"30.01.2018,""25.62"",""24.83"",""26.40"",""24.55"",""52.39M"",""1.75"""
"29.01.2018,""25.18"",""24.40"",""25.55"",""24.10"",""52.74M"",""3.75"""
"26.01.2018,""24.27"",""22.39"",""24.35"",""22.30"",""49.68M"",""9.52"""
"25.01.2018,""22.16"",""22.50"",""22.68"",""22.04"",""15.50M"",""-0.94"""
"24.01.2018,""22.37"",""22.84"",""23.05"",""22.10"",""23.19M"",""-1.67"""
"23.01.2018,""22.75"",""22.51"",""23.17"",""22.41"",""35.32M"",""-2.44"""
"22.01.2018,""23.32"",""23.17"",""23.50"",""22.86"",""23.01M"",""-1.44"""
"19.01.2018,""23.66"",""24.12"",""24.22"",""23.50"",""17.53M"",""-1.58"""
"18.01.2018,""24.04"",""24.50"",""24.52"",""23.72"",""21.12M"",""-2.12"""
"17.01.2018,""24.56"",""24.84"",""24.95"",""24.22"",""17.03M"",""-0.41"""
"16.01.2018,""24.66"",""25.58"",""25.71"",""24.51"",""32.34M"",""-2.95"""
"12.01.2018,""25.41"",""24.94"",""25.85"",""24.93"",""37.05M"",""4.35"""
"11.01.2018,""24.35"",""24.30"",""24.37"",""23.90"",""11.67M"",""0.41"""
"10.01.2018,""24.25"",""24.00"",""24.42"",""23.76"",""10.42M"",""0.33"""
"09.01.2018,""24.17"",""24.63"",""24.71"",""24.07"",""12.59M"",""-1.71"""
"08.01.2018,""24.59"",""24.37"",""24.78"",""23.88"",""17.83M"",""1.11"""
"05.01.2018,""24.32"",""24.07"",""24.57"",""23.88"",""14.95M"",""1.38"""
"04.01.2018,""23.99"",""24.50"",""24.59"",""23.68"",""17.65M"",""-1.88"""
"03.01.2018,""24.45"",""24.56"",""24.68"",""24.07"",""12.83M"",""-0.24"""
"02.01.2018,""24.51"",""24.07"",""24.57"",""23.85"",""15.30M"",""2.08"""
"29.12.2017,""24.01"",""24.27"",""24.33"",""23.91"",""10.39M"",""-1.23"""
"28.12.2017,""24.31"",""24.25"",""24.60"",""24.17"",""9.77M"",""0.33"""
"27.12.2017,""24.23"",""24.26"",""24.54"",""24.07"",""9.12M"",""-0.12"""
"26.12.2017,""24.26"",""24.26"",""24.57"",""24.13"",""10.12M"",""-0.82"""
"22.12.2017,""24.46"",""25.03"",""25.27"",""24.38"",""16.11M"",""-2.36"""
"21.12.2017,""25.05"",""25.06"",""25.56"",""24.70"",""19.60M"",""-0.60"""
"20.12.2017,""25.20"",""25.44"",""25.44"",""24.69"",""20.69M"",""0.48"""
"19.12.2017,""25.08"",""24.61"",""25.49"",""23.92"",""46.04M"",""1.62"""
"18.12.2017,""24.68"",""23.23"",""24.74"",""23.13"",""48.97M"",""11.02"""
"15.12.2017,""22.23"",""22.61"",""22.86"",""22.18"",""17.96M"",""-1.55"""
"14.12.2017,""22.58"",""21.79"",""23.24"",""21.62"",""34.07M"",""4.25"""
"13.12.2017,""21.66"",""21.77"",""21.98"",""21.52"",""17.28M"",""0.05"""
"12.12.2017,""21.65"",""22.01"",""22.25"",""21.62"",""14.30M"",""-1.81"""
"11.12.2017,""22.05"",""21.10"",""22.20"",""21.10"",""17.24M"",""4.50"""
"08.12.2017,""21.10"",""21.15"",""21.40"",""20.95"",""14.87M"",""0.43"""
"07.12.2017,""21.01"",""21.12"",""21.45"",""20.97"",""11.86M"",""-0.38"""
"06.12.2017,""21.09"",""20.52"",""21.40"",""20.40"",""14.02M"",""1.54"""
"05.12.2017,""20.77"",""20.30"",""20.93"",""20.30"",""10.65M"",""1.81"""
"04.12.2017,""20.40"",""20.85"",""20.94"",""20.23"",""11.64M"",""-1.50"""
"01.12.2017,""20.71"",""20.52"",""20.98"",""20.12"",""15.27M"",""0.63"""
"30.11.2017,""20.58"",""21.01"",""21.12"",""20.51"",""15.82M"",""-1.01"""
"29.11.2017,""20.79"",""21.82"",""22.11"",""20.52"",""23.68M"",""-4.76"""
"28.11.2017,""21.83"",""21.85"",""22.15"",""21.56"",""13.85M"",""0.05"""
"27.11.2017,""21.82"",""22.36"",""22.40"",""21.70"",""19.67M"",""-2.68"""
"24.11.2017,""22.42"",""22.40"",""22.48"",""22.17"",""7.58M"",""0.67"""
"22.11.2017,""22.27"",""21.90"",""22.40"",""21.80"",""21.16M"",""1.78"""
"21.11.2017,""21.88"",""21.20"",""21.91"",""21.15"",""18.34M"",""3.55"""
"20.11.2017,""21.13"",""20.78"",""21.26"",""20.70"",""16.82M"",""1.78"""
"17.11.2017,""20.76"",""20.26"",""20.79"",""20.25"",""12.85M"",""1.96"""
"16.11.2017,""20.36"",""20.06"",""20.49"",""19.98"",""12.97M"",""2.26"""
"15.11.2017,""19.91"",""19.82"",""20.33"",""19.73"",""11.19M"",""-0.70"""
"14.11.2017,""20.05"",""20.17"",""20.45"",""19.88"",""11.92M"",""-0.59"""
"13.11.2017,""20.17"",""20.16"",""20.30"",""19.93"",""11.80M"",""-0.74"""
"10.11.2017,""20.32"",""19.79"",""20.58"",""19.74"",""16.29M"",""2.11"""
"09.11.2017,""19.90"",""19.40"",""20.24"",""19.36"",""20.27M"",""1.58"""
"08.11.2017,""19.59"",""19.70"",""19.98"",""19.37"",""16.29M"",""-0.36"""
"07.11.2017,""19.66"",""19.55"",""20.18"",""19.51"",""22.24M"",""1.39"""
"06.11.2017,""19.39"",""19.78"",""19.85"",""19.26"",""25.60M"",""-2.56"""
"03.11.2017,""19.90"",""19.87"",""20.24"",""19.52"",""22.26M"",""0.96"""
"02.11.2017,""19.71"",""20.50"",""20.63"",""19.64"",""24.48M"",""-4.37"""
"01.11.2017,""20.61"",""20.74"",""20.99"",""20.40"",""18.83M"",""-0.05"""
"31.10.2017,""20.62"",""21.26"",""21.56"",""20.46"",""28.05M"",""-2.96"""
"30.10.2017,""21.25"",""21.40"",""21.77"",""21.06"",""34.02M"",""-1.98"""
"27.10.2017,""21.68"",""20.18"",""21.96"",""20.15"",""63.61M"",""6.75"""
"26.10.2017,""20.31"",""19.22"",""20.63"",""18.90"",""112.28M"",""18.49"""
"25.10.2017,""17.14"",""17.20"",""17.41"",""17.03"",""19.77M"",""-0.64"""
"24.10.2017,""17.25"",""17.50"",""17.60"",""17.23"",""12.55M"",""-0.69"""
"23.10.2017,""17.37"",""17.94"",""17.95"",""17.34"",""14.02M"",""-2.80"""
"20.10.2017,""17.87"",""17.98"",""18.06"",""17.83"",""7.26M"",""-0.11"""
"19.10.2017,""17.89"",""17.84"",""17.95"",""17.65"",""9.28M"",""-0.72"""
"18.10.2017,""18.02"",""18.23"",""18.35"",""17.97"",""7.77M"",""-1.42"""
"17.10.2017,""18.28"",""18.31"",""18.46"",""18.11"",""8.94M"",""-0.27"""
"16.10.2017,""18.33"",""18.59"",""18.61"",""18.23"",""13.01M"",""-1.61"""
"13.10.2017,""18.63"",""18.45"",""18.79"",""18.35"",""15.81M"",""0.98"""
"12.10.2017,""18.45"",""17.77"",""18.66"",""17.73"",""30.72M"",""4.06"""
"11.10.2017,""17.73"",""17.47"",""17.78"",""17.43"",""9.99M"",""1.84"""
"10.10.2017,""17.41"",""17.77"",""17.93"",""17.39"",""10.19M"",""-1.47"""
"09.10.2017,""17.67"",""17.82"",""18.05"",""17.65"",""8.81M"",""-1.01"""
"06.10.2017,""17.85"",""18.03"",""18.13"",""17.66"",""16.42M"",""-2.19"""
"05.10.2017,""18.25"",""17.80"",""18.29"",""17.74"",""21.25M"",""2.82"""
"04.10.2017,""17.75"",""17.82"",""17.82"",""17.50"",""17.35M"",""0.91"""
"03.10.2017,""17.59"",""17.13"",""17.63"",""17.12"",""13.04M"",""2.93"""
"02.10.2017,""17.09"",""16.80"",""17.15"",""16.78"",""8.46M"",""1.30"""
"29.09.2017,""16.87"",""16.89"",""17.04"",""16.75"",""9.38M"",""0.12"""
"28.09.2017,""16.85"",""16.87"",""16.93"",""16.75"",""7.04M"",""-0.59"""
"27.09.2017,""16.95"",""16.90"",""17.05"",""16.75"",""9.07M"",""2.17"""
"26.09.2017,""16.59"",""17.03"",""17.16"",""16.57"",""12.93M"",""-2.30"""
"25.09.2017,""16.98"",""17.60"",""17.72"",""16.82"",""13.25M"",""-3.58"""
"22.09.2017,""17.61"",""17.49"",""17.63"",""17.42"",""5.55M"",""0.17"""
"21.09.2017,""17.58"",""17.60"",""17.65"",""17.35"",""6.95M"",""-0.23"""
"20.09.2017,""17.62"",""17.80"",""17.84"",""17.51"",""7.72M"",""-0.79"""
"19.09.2017,""17.76"",""17.66"",""17.80"",""17.48"",""7.09M"",""0.91"""
"18.09.2017,""17.60"",""18.01"",""18.09"",""17.47"",""14.71M"",""-2.28"""
"15.09.2017,""18.01"",""18.25"",""18.39"",""17.95"",""12.65M"",""-1.10"""
"14.09.2017,""18.21"",""18.15"",""18.27"",""17.94"",""9.30M"",""0.05"""
"13.09.2017,""18.20"",""18.15"",""18.49"",""18.09"",""13.71M"",""0.17"""
"12.09.2017,""18.17"",""17.70"",""18.29"",""17.70"",""19.80M"",""2.89"""
"11.09.2017,""17.66"",""17.47"",""17.78"",""17.27"",""14.00M"",""1.20"""
"08.09.2017,""17.45"",""17.19"",""17.46"",""17.08"",""11.61M"",""1.34"""
"07.09.2017,""17.22"",""16.85"",""17.41"",""16.83"",""14.66M"",""2.32"""
"06.09.2017,""16.83"",""16.65"",""17.05"",""16.52"",""12.34M"",""1.08"""
"05.09.2017,""16.65"",""16.82"",""16.90"",""16.44"",""10.50M"",""-1.25"""
"01.09.2017,""16.86"",""16.97"",""17.00"",""16.58"",""8.52M"",""-0.30"""
"31.08.2017,""16.91"",""16.99"",""17.10"",""16.88"",""7.86M"",""-0.12"""
"30.08.2017,""16.93"",""16.92"",""17.04"",""16.80"",""6.62M"",""0.00"""
"29.08.2017,""16.93"",""16.61"",""17.05"",""16.60"",""11.44M"",""0.95"""
"28.08.2017,""16.77"",""16.61"",""16.88"",""16.61"",""7.78M"",""0.72"""
"25.08.2017,""16.65"",""16.65"",""16.82"",""16.51"",""11.50M"",""-1.42"""
"24.08.2017,""16.89"",""17.07"",""17.07"",""16.78"",""10.39M"",""-0.41"""
"23.08.2017,""16.96"",""16.46"",""17.05"",""16.44"",""15.18M"",""1.98"""
"22.08.2017,""16.63"",""16.14"",""16.65"",""16.14"",""11.05M"",""3.23"""
"21.08.2017,""16.11"",""16.00"",""16.25"",""15.93"",""12.08M"",""0.75"""
"18.08.2017,""15.99"",""15.85"",""16.07"",""15.77"",""7.81M"",""0.76"""
"17.08.2017,""15.87"",""16.15"",""16.29"",""15.86"",""9.22M"",""-1.79"""
"16.08.2017,""16.16"",""15.97"",""16.36"",""15.96"",""15.92M"",""1.32"""
"15.08.2017,""15.95"",""16.12"",""16.22"",""15.93"",""5.95M"",""-0.87"""
"14.08.2017,""16.09"",""16.15"",""16.28"",""16.01"",""9.89M"",""1.07"""
"11.08.2017,""15.92"",""15.67"",""16.06"",""15.67"",""8.44M"",""1.08"""
"10.08.2017,""15.75"",""16.03"",""16.18"",""15.73"",""11.91M"",""-2.42"""
"09.08.2017,""16.14"",""16.04"",""16.16"",""15.96"",""7.76M"",""-0.06"""
"08.08.2017,""16.15"",""16.33"",""16.48"",""16.05"",""12.13M"",""-1.52"""
"07.08.2017,""16.40"",""16.38"",""16.42"",""16.24"",""9.14M"",""0.68"""
"04.08.2017,""16.29"",""16.20"",""16.43"",""16.13"",""15.08M"",""0.68"""
"03.08.2017,""16.18"",""16.07"",""16.42"",""16.05"",""15.10M"",""0.68"""
"02.08.2017,""16.07"",""16.21"",""16.29"",""15.95"",""13.28M"",""-0.86"""
"01.08.2017,""16.21"",""16.20"",""16.32"",""15.91"",""21.62M"",""0.75"""
"31.07.2017,""16.09"",""16.60"",""16.62"",""16.00"",""35.95M"",""-3.94"""
"28.07.2017,""16.75"",""16.66"",""17.20"",""16.52"",""26.22M"",""-0.53"""
"27.07.2017,""16.84"",""17.36"",""17.60"",""16.50"",""86.68M"",""-14.13"""
"26.07.2017,""19.61"",""20.00"",""20.02"",""19.27"",""24.30M"",""-1.80"""
"25.07.2017,""19.97"",""19.98"",""20.18"",""19.69"",""13.59M"",""-0.15"""
"24.07.2017,""20.00"",""20.28"",""20.62"",""19.82"",""17.20M"",""-0.55"""
"21.07.2017,""20.11"",""20.35"",""20.36"",""20.00"",""15.30M"",""-2.05"""
"20.07.2017,""20.53"",""20.18"",""20.88"",""20.18"",""24.79M"",""2.04"""
"19.07.2017,""20.12"",""20.03"",""20.21"",""19.83"",""13.47M"",""0.70"""
"18.07.2017,""19.98"",""19.76"",""19.99"",""19.41"",""15.55M"",""0.20"""
"17.07.2017,""19.94"",""19.80"",""20.24"",""19.73"",""24.15M"",""1.53"""
"14.07.2017,""19.64"",""19.35"",""19.97"",""19.33"",""20.84M"",""1.66"""
"13.07.2017,""19.32"",""19.54"",""19.67"",""19.08"",""17.52M"",""0.36"""
"12.07.2017,""19.25"",""18.92"",""19.54"",""18.91"",""30.01M"",""3.27"""
"11.07.2017,""18.64"",""18.14"",""18.66"",""18.10"",""18.11M"",""3.10"""
"10.07.2017,""18.08"",""18.05"",""18.15"",""17.77"",""8.61M"",""0.33"""
"07.07.2017,""18.02"",""18.00"",""18.34"",""17.97"",""13.43M"",""0.56"""
"06.07.2017,""17.92"",""17.65"",""18.58"",""17.63"",""18.66M"",""0.56"""
"05.07.2017,""17.82"",""17.68"",""17.96"",""17.42"",""8.82M"",""0.96"""
"03.07.2017,""17.65"",""17.94"",""18.01"",""17.41"",""9.04M"",""-1.23"""
"30.06.2017,""17.87"",""17.66"",""18.07"",""17.47"",""13.43M"",""1.25"""
"29.06.2017,""17.65"",""17.93"",""17.94"",""17.23"",""18.80M"",""-1.67"""
"28.06.2017,""17.95"",""18.22"",""18.23"",""17.75"",""17.40M"",""-0.94"""
"27.06.2017,""18.12"",""18.43"",""18.60"",""18.12"",""14.75M"",""-0.93"""
"26.06.2017,""18.29"",""18.55"",""19.01"",""18.11"",""17.42M"",""-1.14"""
"23.06.2017,""18.50"",""18.15"",""18.63"",""18.15"",""24.82M"",""1.93"""
"22.06.2017,""18.15"",""17.85"",""18.38"",""17.66"",""20.73M"",""2.08"""
"21.06.2017,""17.78"",""17.11"",""18.04"",""17.11"",""23.73M"",""5.14"""
"20.06.2017,""16.91"",""17.15"",""17.15"",""16.84"",""8.52M"",""-0.88"""
"19.06.2017,""17.06"",""16.77"",""17.08"",""16.75"",""11.32M"",""2.34"""
"16.06.2017,""16.67"",""16.75"",""16.81"",""16.55"",""9.94M"",""-0.95"""
"15.06.2017,""16.83"",""16.53"",""16.89"",""16.46"",""11.89M"",""0.42"""
"14.06.2017,""16.76"",""17.05"",""17.13"",""16.57"",""12.66M"",""-1.24"""
"13.06.2017,""16.97"",""17.12"",""17.22"",""16.76"",""13.22M"",""-0.41"""
"12.06.2017,""17.04"",""16.73"",""17.19"",""16.27"",""20.52M"",""0.83"""
"09.06.2017,""16.90"",""17.65"",""17.66"",""16.45"",""21.31M"",""-3.92"""
"08.06.2017,""17.59"",""17.44"",""17.61"",""17.27"",""10.55M"",""0.86"""
"07.06.2017,""17.44"",""17.62"",""17.75"",""17.30"",""15.87M"",""-0.74"""
"06.06.2017,""17.57"",""18.10"",""18.15"",""17.47"",""22.81M"",""-3.62"""
"05.06.2017,""18.23"",""18.29"",""18.34"",""18.02"",""10.58M"",""-0.44"""
"02.06.2017,""18.31"",""18.53"",""18.58"",""18.22"",""9.38M"",""-1.19"""
"01.06.2017,""18.53"",""18.22"",""18.66"",""18.20"",""13.18M"",""1.15"""
","""","""","""","""","""","""""
",""Mximo:80.75"",""Mnimo:15.67"",""Diferencia:65.08"",""Promedio:38.63"",""% var.:104.09"""
